run,cycles,runtime,ops_per_sec,kernel,mitigations,node,ssd,core_id,reg_ring,reg_fds,reg_bufs,iopoll,duration,perfevent,measure_lat,pin_iowq,max_workers,setup_mode,write_size,method,ioworker,lat_avg,lat_min,lat_max,lat_std,lat_samples,ops_avg,ops_min,ops_max,ops_std,ops_samples
0,65999951312,27.5,87701.9,6.8.0-63-generic,True,c08,/dev/nvme3n1,32,True,True,False,False,30000,False,True,False,0,defer,4096,none,0,11494.921161825727,11280,11770,130.69326005719003,241,8046.4315352697095,8011,8120,18.95934943076813,241
0,66000358336,27.5001,594.215,6.8.0-63-generic,True,c08,/dev/nvme3n1,32,True,True,False,False,30000,False,True,False,0,defer,4096,fsync_link,1,1673624.9004149379,1619640,1753390,35590.4863727281,241,54.63900414937759,54,55,0.48028933618789804,241
0,66001736334,27.5007,591.694,6.8.0-63-generic,True,c08,/dev/nvme3n1,32,True,True,False,False,30000,False,True,False,0,defer,4096,fsync_link2,1,1687726.2572614108,1619530,1777898,44003.29948728665,241,54.439834024896264,53,55,0.5128133830286227,241
0,66000421320,27.5002,248.471,6.8.0-63-generic,True,c08,/dev/nvme3n1,32,True,True,False,False,30000,False,True,False,0,defer,4096,open_sync,0,4016359.0456431536,3970000,4074540,31019.64042615648,241,22.900414937759336,22,23,0.2994459510816385,241
0,66007910356,27.5033,248.261,6.8.0-63-generic,True,c08,/dev/nvme3n1,32,True,True,False,False,30000,False,True,False,0,defer,4096,open_dsync,0,4021403.0248962655,3972263,4079221,31053.922496430594,241,22.87966804979253,22,23,0.3253493076168077,241
0,66005546670,27.5023,248.379,6.8.0-63-generic,True,c08,/dev/nvme3n1,32,True,True,False,False,30000,False,True,False,0,defer,4096,write_sync,0,4019824.0331950206,3969273,4071676,30778.66604391557,241,22.896265560165975,22,23,0.30491573561616325,241
0,66005204920,27.5022,248.49,6.8.0-63-generic,True,c08,/dev/nvme3n1,32,True,True,False,False,30000,False,True,False,0,defer,4096,write_dsync,0,4018160.1618257263,3966385,4072640,30081.21778875168,241,22.896265560165975,22,23,0.30491573561616325,241
0,65999909918,27.5,91774.7,6.8.0-63-generic,True,c08,/dev/ng3n1,32,True,True,False,False,30000,False,True,False,0,defer,4096,nvme_passthru,0,10933.215767634854,10703,11212,123.9607550679845,241,8439.771784232365,8398,8480,20.948905251977937,241
0,65999914004,27.5,602.546,6.8.0-63-generic,True,c08,/dev/ng3n1,32,True,True,False,False,30000,False,True,False,0,defer,4096,nvme_passthru_flush,0,1653667.929460581,1577550,1721415,41380.95656867532,241,55.43568464730291,55,56,0.49584628203451137,241
0,66006628048,27.5028,99205.8,6.8.0-63-generic,True,c08,/dev/nvme3n1,32,True,True,False,False,30000,False,True,False,0,sqpoll,4096,none,0,10154.775933609959,9892,10467,165.68750144323445,241,9101.937759336099,9086,9119,8.244214969092189,241
0,66007694678,27.5032,626.763,6.8.0-63-generic,True,c08,/dev/nvme3n1,32,True,True,False,False,30000,False,True,False,0,sqpoll,4096,fsync_link,1,1585424.6804979253,1550222,1614314,18712.41557404497,241,57.64730290456431,56,58,0.5194185501505757,241
0,66006344194,27.5026,626.667,6.8.0-63-generic,True,c08,/dev/nvme3n1,32,True,True,False,False,30000,False,True,False,0,sqpoll,4096,fsync_link2,1,1584573.5062240665,1552961,1614154,16613.440222229594,241,57.62240663900415,56,58,0.5565118250389706,241
0,66007594798,27.5032,254.625,6.8.0-63-generic,True,c08,/dev/nvme3n1,32,True,True,False,False,30000,False,True,False,0,sqpoll,4096,open_sync,0,3920170.543568465,3846617,3984435,35194.12378501544,241,23.37344398340249,23,24,0.48371848699731407,241
0,66006570386,27.5027,254.666,6.8.0-63-generic,True,c08,/dev/nvme3n1,32,True,True,False,False,30000,False,True,False,0,sqpoll,4096,open_dsync,0,3919571.34439834,3842075,3981290,32653.19363247739,241,23.37344398340249,23,24,0.48371848699731407,241
0,66006949590,27.5029,249.465,6.8.0-63-generic,True,c08,/dev/nvme3n1,32,True,True,False,False,30000,False,True,False,0,sqpoll,4096,write_sync,0,3927069.854771784,3857992,3987775,32918.29742260336,241,23.070539419087137,21,24,0.7670627003090893,241
0,66007011328,27.5029,254.627,6.8.0-63-generic,True,c08,/dev/nvme3n1,32,True,True,False,False,30000,False,True,False,0,sqpoll,4096,write_dsync,0,3925602.8298755186,3853605,3981564,30431.547408374638,241,23.37344398340249,23,24,0.48371848699731407,241
0,66008248134,27.5034,102476,6.8.0-63-generic,True,c08,/dev/ng3n1,32,True,True,False,False,30000,False,True,False,0,sqpoll,4096,nvme_passthru,0,9764.336099585062,9635,9982,93.54471218699516,241,9416.157676348548,9406,9430,5.9951599768781625,241
0,66008237278,27.5034,628.322,6.8.0-63-generic,True,c08,/dev/ng3n1,32,True,True,False,False,30000,False,True,False,0,sqpoll,4096,nvme_passthru_flush,0,1587851.5809128631,1548873,1616439,18482.3694535332,241,57.74688796680498,57,58,0.4347945858067962,241
0,66006574066,27.5027,254.157,6.8.0-63-generic,True,c08,/dev/nvme3n1,32,True,True,False,True,30000,False,True,False,0,defer,4096,open_sync,0,3931265.390041494,3878889,3985895,29352.847014209183,241,23.30290456431535,23,24,0.4595142970923528,241
0,66007161996,27.503,254.154,6.8.0-63-generic,True,c08,/dev/nvme3n1,32,True,True,False,True,30000,False,True,False,0,defer,4096,open_dsync,0,3928930.6970954356,3867177,3987859,31087.58351390431,241,23.311203319502074,23,24,0.46298575942782977,241
0,66007605044,27.5032,254.116,6.8.0-63-generic,True,c08,/dev/nvme3n1,32,True,True,False,True,30000,False,True,False,0,defer,4096,write_sync,0,3931332.746887967,3881055,3984496,26532.87407153813,241,23.311203319502074,23,24,0.46298575942782977,241
0,66006193360,27.5026,254.158,6.8.0-63-generic,True,c08,/dev/nvme3n1,32,True,True,False,True,30000,False,True,False,0,defer,4096,write_dsync,0,3929239.6887966804,3881053,3982835,29366.10530730539,241,23.319502074688796,23,24,0.46628371080100073,241
0,66002300950,27.501,592.343,6.8.0-63-generic,True,c08,/dev/nvme3n1,32,True,True,False,True,30000,False,True,False,0,defer,4096,fsync_link2,0,1691020.9626556016,1607140,1749485,36683.12169600279,241,54.48547717842324,54,55,0.49978904315065714,241
0,66007560986,27.5032,104569,6.8.0-63-generic,True,c08,/dev/ng3n1,32,True,True,False,True,30000,False,True,False,0,defer,4096,nvme_passthru,0,9507.858921161825,9351,9753,109.52244892602211,241,9603.842323651452,9491,9657,58.44151626041552,241
0,66007089726,27.503,628.369,6.8.0-63-generic,True,c08,/dev/ng3n1,32,True,True,False,True,30000,False,True,False,0,defer,4096,nvme_passthru_flush,0,1585469.6970954356,1549854,1616252,18593.89559500309,241,57.7551867219917,57,58,0.4299764376324942,241
0,66007690690,27.5032,99427.8,6.8.0-63-generic,True,c08,/dev/nvme3n1,32,True,True,False,True,30000,False,True,False,0,sqpoll,4096,none,0,10080.045643153528,9927,10296,93.83694027772825,241,9137.829875518672,9109,9156,12.659935316784534,241
0,66007797574,27.5032,254.624,6.8.0-63-generic,True,c08,/dev/nvme3n1,32,True,True,False,True,30000,False,True,False,0,sqpoll,4096,open_sync,0,3921374.510373444,3851455,3980342,31718.553518728306,241,23.369294605809127,23,24,0.4826138206987124,241
0,66007720614,27.5032,254.043,6.8.0-63-generic,True,c08,/dev/nvme3n1,32,True,True,False,True,30000,False,True,False,0,sqpoll,4096,open_dsync,0,3927069.1701244814,3865557,3989680,32238.242642303005,241,23.29875518672199,23,24,0.457712273299176,241
0,66007600842,27.5032,254.153,6.8.0-63-generic,True,c08,/dev/nvme3n1,32,True,True,False,True,30000,False,True,False,0,sqpoll,4096,write_sync,0,3928650.2489626557,3866152,3987865,30606.48146535395,241,23.315352697095435,23,24,0.4646561885201467,241
0,66008132074,27.5034,254.187,6.8.0-63-generic,True,c08,/dev/nvme3n1,32,True,True,False,True,30000,False,True,False,0,sqpoll,4096,write_dsync,0,3924975.0290456433,3863660,3981444,31248.946932815907,241,23.319502074688796,23,24,0.46628371080100073,241
0,66002398922,27.501,610.051,6.8.0-63-generic,True,c08,/dev/nvme3n1,32,True,True,False,True,30000,False,True,False,0,sqpoll,4096,fsync_link2,0,1634532.7178423237,1582029,1685145,29350.928995654278,241,56.053941908713696,55,57,0.6451181344635913,241
0,66008021944,27.5033,101693,6.8.0-63-generic,True,c08,/dev/ng3n1,32,True,True,False,True,30000,False,True,False,0,sqpoll,4096,nvme_passthru,0,9846.933609958507,9620,10153,137.07978319816894,241,9334.058091286308,9309,9354,10.653576868416161,241
0,66007967470,27.5033,610.763,6.8.0-63-generic,True,c08,/dev/ng3n1,32,True,True,False,True,30000,False,True,False,0,sqpoll,4096,nvme_passthru_flush,0,1584625.7012448134,1551898,1614205,17096.816773974668,241,56.20746887966805,53,58,1.763656325626861,241
1,65999936726,27.5,87703.4,6.8.0-63-generic,True,c08,/dev/nvme3n1,32,True,True,False,False,30000,False,True,False,0,defer,4096,none,0,12117.70539419087,11305,15635,1166.488136655686,241,8044.016597510374,7994,8124,31.240064552371564,241
1,66001625836,27.5007,594.058,6.8.0-63-generic,True,c08,/dev/nvme3n1,32,True,True,False,False,30000,False,True,False,0,defer,4096,fsync_link,1,1676387.643153527,1619860,1760122,39389.33283096467,241,54.614107883817425,54,55,0.48680529049170007,241
1,66002336980,27.501,590.525,6.8.0-63-generic,True,c08,/dev/nvme3n1,32,True,True,False,False,30000,False,True,False,0,defer,4096,fsync_link2,1,1682994.8008298755,1620569,1767490,40738.36057819872,241,54.32780082987552,53,55,0.5197499176803897,241
1,66001147372,27.5005,248.359,6.8.0-63-generic,True,c08,/dev/nvme3n1,32,True,True,False,False,30000,False,True,False,0,defer,4096,open_sync,0,4020778.406639004,3969909,4074940,31349.078657082136,241,22.887966804979254,22,23,0.31540728944364954,241
1,66003392366,27.5014,248.387,6.8.0-63-generic,True,c08,/dev/nvme3n1,32,True,True,False,False,30000,False,True,False,0,defer,4096,open_dsync,0,4015984.7593360995,3967568,4076192,31117.315272360956,241,22.883817427385893,22,23,0.3204437274075987,241
1,66000433782,27.5002,248.326,6.8.0-63-generic,True,c08,/dev/nvme3n1,32,True,True,False,False,30000,False,True,False,0,defer,4096,write_sync,0,4022811.1493775933,3971626,4082649,31719.1861879497,241,22.883817427385893,22,23,0.3204437274075987,241
1,66000441046,27.5002,248.326,6.8.0-63-generic,True,c08,/dev/nvme3n1,32,True,True,False,False,30000,False,True,False,0,defer,4096,write_dsync,0,4019870.8838174273,3968125,4081577,33687.91617950897,241,22.883817427385893,22,23,0.3204437274075987,241
1,65999928350,27.5,91234.4,6.8.0-63-generic,True,c08,/dev/ng3n1,32,True,True,False,False,30000,False,True,False,0,defer,4096,nvme_passthru,0,11167.730290456431,10878,11458,142.9149337686811,241,8370.43153526971,8314,8464,37.22206102707812,241
1,66000373882,27.5002,602.469,6.8.0-63-generic,True,c08,/dev/ng3n1,32,True,True,False,False,30000,False,True,False,0,defer,4096,nvme_passthru_flush,0,1653457.232365145,1577910,1718240,38350.64779227445,241,55.41078838174274,55,56,0.4919769173121039,241
1,66002537176,27.5011,99223.7,6.8.0-63-generic,True,c08,/dev/nvme3n1,32,True,True,False,False,30000,False,True,False,0,sqpoll,4096,none,0,10098.535269709544,9914,10399,125.68411880067899,241,9123.190871369294,9089,9160,22.78778335413676,241


0,66008204258,27.5034,101337,6.8.0-63-generic,True,c08,/dev/nvme3n1,32,True,True,False,True,30000,False,True,False,0,defer,4096,none,0,9928.09958506224,9665,10243,154.3636328985994,241,9293.182572614109,9260,9437,45.00861912868782,241
1,66007690250,27.5032,625.563,6.8.0-63-generic,True,c08,/dev/nvme3n1,32,True,True,False,False,30000,False,True,False,0,sqpoll,4096,fsync_link,1,1589170.1286307054,1549286,1617777,19365.886020874324,241,57.53941908713693,56,58,0.5828657157727095,241
1,66006512528,27.5027,625.284,6.8.0-63-generic,True,c08,/dev/nvme3n1,32,True,True,False,False,30000,False,True,False,0,sqpoll,4096,fsync_link2,1,1589917.9668049794,1551320,1625059,19407.211714036122,241,57.52697095435685,56,58,0.6045288580665018,241
1,66008138848,27.5034,249.46,6.8.0-63-generic,True,c08,/dev/nvme3n1,32,True,True,False,False,30000,False,True,False,0,sqpoll,4096,open_sync,0,3929502.012448133,3869417,3980647,32688.68487743798,241,23.12448132780083,21,24,0.7295356340526442,241
1,66007878826,27.5033,254.115,6.8.0-63-generic,True,c08,/dev/nvme3n1,32,True,True,False,False,30000,False,True,False,0,sqpoll,4096,open_dsync,0,3932283.9751037345,3876654,3981290,31788.802844683145,241,23.315352697095435,23,24,0.4646561885201467,241
1,66007041264,27.5029,254.191,6.8.0-63-generic,True,c08,/dev/nvme3n1,32,True,True,False,False,30000,False,True,False,0,sqpoll,4096,write_sync,0,3928852.991701245,3874422,3975885,29308.4570439777,241,23.319502074688796,23,24,0.46628371080100073,241
1,66003760246,27.5016,254.24,6.8.0-63-generic,True,c08,/dev/nvme3n1,32,True,True,False,False,30000,False,True,False,0,sqpoll,4096,write_dsync,0,3927027.5601659752,3860043,3979229,31517.685187433748,241,23.319502074688796,23,24,0.46628371080100073,241
1,66007375562,27.5031,102674,6.8.0-63-generic,True,c08,/dev/ng3n1,32,True,True,False,False,30000,False,True,False,0,sqpoll,4096,nvme_passthru,0,9723.556016597511,9525,10062,131.97201221232106,241,9433.02489626556,9404,9454,13.783424199580733,241
1,66007217198,27.503,628.44,6.8.0-63-generic,True,c08,/dev/ng3n1,32,True,True,False,False,30000,False,True,False,0,sqpoll,4096,nvme_passthru_flush,0,1587104.0,1551282,1614816,18615.33710885593,241,57.75103734439834,57,58,0.4324121317879844,241
1,66006406900,27.5027,102031,6.8.0-63-generic,True,c08,/dev/nvme3n1,32,True,True,False,True,30000,False,True,False,0,defer,4096,none,0,9807.190871369294,9578,10121,145.01780145294185,241,9367.721991701244,9283,9422,46.9073587483544,241
1,66007964704,27.5033,254.188,6.8.0-63-generic,True,c08,/dev/nvme3n1,32,True,True,False,True,30000,False,True,False,0,defer,4096,open_sync,0,3931243.0373443984,3883973,3982523,27651.295130928178,241,23.323651452282157,23,24,0.46786877403584853,241
1,66007677218,27.5032,254.116,6.8.0-63-generic,True,c08,/dev/nvme3n1,32,True,True,False,True,30000,False,True,False,0,defer,4096,open_dsync,0,3931886.950207469,3866472,3983575,30686.932117394917,241,23.307053941908713,23,24,0.4612719573820133,241
1,66007766432,27.5032,254.188,6.8.0-63-generic,True,c08,/dev/nvme3n1,32,True,True,False,True,30000,False,True,False,0,defer,4096,write_sync,0,3928220.2365145227,3886190,3986018,28669.6198610525,241,23.315352697095435,23,24,0.4646561885201467,241
1,65999949610,27.5,254.109,6.8.0-63-generic,True,c08,/dev/nvme3n1,32,True,True,False,True,30000,False,True,False,0,defer,4096,write_dsync,0,3933675.7012448134,3881916,3983557,29047.694404652808,241,23.315352697095435,23,24,0.4646561885201467,241
1,66000699754,27.5003,591.703,6.8.0-63-generic,True,c08,/dev/nvme3n1,32,True,True,False,True,30000,False,True,False,0,defer,4096,fsync_link2,0,1680949.3236514523,1590206,1752599,42379.52720235621,241,54.448132780082986,54,55,0.4973025150731497,241
1,66006231540,27.5026,104392,6.8.0-63-generic,True,c08,/dev/ng3n1,32,True,True,False,True,30000,False,True,False,0,defer,4096,nvme_passthru,0,9525.763485477179,9383,9779,109.16616286570854,241,9583.663900414938,9554,9600,11.281714345022962,241
1,66008126986,27.5034,628.468,6.8.0-63-generic,True,c08,/dev/ng3n1,32,True,True,False,True,30000,False,True,False,0,defer,4096,nvme_passthru_flush,0,1589015.9834024897,1551567,1616715,18100.000149461684,241,57.74688796680498,57,58,0.4347945858067962,241
1,66007073224,27.5029,100538,6.8.0-63-generic,True,c08,/dev/nvme3n1,32,True,True,False,True,30000,False,True,False,0,sqpoll,4096,none,0,9883.556016597511,9695,10219,118.0957747227606,241,9237.215767634854,9192,9272,18.888928466210253,241
1,66007349232,27.5031,254.081,6.8.0-63-generic,True,c08,/dev/nvme3n1,32,True,True,False,True,30000,False,True,False,0,sqpoll,4096,open_sync,0,3929072.692946058,3868035,3987875,31037.97128677491,241,23.29875518672199,23,24,0.457712273299176,241
1,66007602312,27.5032,254.08,6.8.0-63-generic,True,c08,/dev/nvme3n1,32,True,True,False,True,30000,False,True,False,0,sqpoll,4096,open_dsync,0,3926485.605809129,3867076,3987945,31475.585545659418,241,23.307053941908713,23,24,0.4612719573820133,241
1,66006873612,27.5029,254.119,6.8.0-63-generic,True,c08,/dev/nvme3n1,32,True,True,False,True,30000,False,True,False,0,sqpoll,4096,write_sync,0,3934168.2199170124,3887844,3988261,30214.069886412424,241,23.315352697095435,23,24,0.4646561885201467,241
1,66006979764,27.5029,248.01,6.8.0-63-generic,True,c08,/dev/nvme3n1,32,True,True,False,True,30000,False,True,False,0,sqpoll,4096,write_dsync,0,3934799.825726141,3881985,3985318,30857.763981744225,241,22.96265560165975,20,24,0.9079270548846107,241
1,66001163282,27.5005,610.026,6.8.0-63-generic,True,c08,/dev/nvme3n1,32,True,True,False,True,30000,False,True,False,0,sqpoll,4096,fsync_link2,0,1635946.2157676348,1582729,1681612,28045.005500775118,241,56.058091286307054,55,57,0.6083332851798277,241
1,66008235790,27.5034,101009,6.8.0-63-generic,True,c08,/dev/ng3n1,32,True,True,False,True,30000,False,True,False,0,sqpoll,4096,nvme_passthru,0,9923.543568464731,9689,10211,149.46690598793538,241,9274.174273858922,9242,9370,31.298501316176374,241
1,66006976814,27.5029,628.479,6.8.0-63-generic,True,c08,/dev/ng3n1,32,True,True,False,True,30000,False,True,False,0,sqpoll,4096,nvme_passthru_flush,0,1587099.705394191,1552315,1614766,17289.61042354207,241,57.738589211618255,57,58,0.4394032181258785,241
2,65999958104,27.5,87607.4,6.8.0-63-generic,True,c08,/dev/nvme3n1,32,True,True,False,False,30000,False,True,False,0,defer,4096,none,0,11640.842323651452,11378,11955,152.6922434056832,241,8045.03734439834,7957,8151,53.865233088573646,241
2,66003561124,27.5015,594.15,6.8.0-63-generic,True,c08,/dev/nvme3n1,32,True,True,False,False,30000,False,True,False,0,defer,4096,fsync_link,1,1675942.5228215768,1618836,1759316,37071.1785165555,241,54.6058091286307,54,55,0.4886761998485406,241
2,66001561992,27.5007,591.695,6.8.0-63-generic,True,c08,/dev/nvme3n1,32,True,True,False,False,30000,False,True,False,0,defer,4096,fsync_link2,1,1684368.2282157675,1621321,1765186,42311.2571582187,241,54.43568464730291,54,55,0.49584628203451137,241
2,66004332916,27.5018,248.384,6.8.0-63-generic,True,c08,/dev/nvme3n1,32,True,True,False,False,30000,False,True,False,0,defer,4096,open_sync,0,4021243.7012448134,3966080,4074039,30552.656984138277,241,22.887966804979254,22,23,0.31540728944364954,241
2,66005128306,27.5021,248.453,6.8.0-63-generic,True,c08,/dev/nvme3n1,32,True,True,False,False,30000,False,True,False,0,defer,4096,open_dsync,0,4019990.589211618,3966326,4069903,30244.272232623574,241,22.896265560165975,22,23,0.30491573561616325,241
2,66006197934,27.5026,248.449,6.8.0-63-generic,True,c08,/dev/nvme3n1,32,True,True,False,False,30000,False,True,False,0,defer,4096,write_sync,0,4014590.9834024897,3958080,4067968,32223.55096877234,241,22.896265560165975,22,23,0.30491573561616325,241
2,66001467054,27.5006,248.467,6.8.0-63-generic,True,c08,/dev/nvme3n1,32,True,True,False,False,30000,False,True,False,0,defer,4096,write_dsync,0,4017071.593360996,3962696,4072975,31893.744265846643,241,22.900414937759336,22,23,0.2994459510816385,241
2,65999872902,27.4999,90457.8,6.8.0-63-generic,True,c08,/dev/ng3n1,32,True,True,False,False,30000,False,True,False,0,defer,4096,nvme_passthru,0,11104.966804979253,10913,11408,122.11146758739682,241,8294.755186721992,8256,8392,24.35717587624599,241
2,66003346548,27.5014,602.733,6.8.0-63-generic,True,c08,/dev/ng3n1,32,True,True,False,False,30000,False,True,False,0,defer,4096,nvme_passthru_flush,0,1657325.4439834026,1588488,1720219,35034.68978569158,241,55.45228215767635,55,56,0.4977177990829494,241
2,66007710852,27.5032,99403.1,6.8.0-63-generic,True,c08,/dev/nvme3n1,32,True,True,False,False,30000,False,True,False,0,sqpoll,4096,none,0,10106.763485477179,9816,10477,168.44506742964728,241,9132.443983402489,9096,9168,19.256458072384454,241
2,66008156312,27.5034,626.468,6.8.0-63-generic,True,c08,/dev/nvme3n1,32,True,True,False,False,30000,False,True,False,0,sqpoll,4096,fsync_link,1,1587009.0124481327,1551674,1617571,18101.524398905203,241,57.61825726141079,56,58,0.5346099056732417,241
2,66006291750,27.5026,626.268,6.8.0-63-generic,True,c08,/dev/nvme3n1,32,True,True,False,False,30000,False,True,False,0,sqpoll,4096,fsync_link2,1,1584824.3526970954,1550303,1615050,18514.976425964684,241,57.6058091286307,56,58,0.5888023825748302,241
2,66008230418,27.5034,254.15,6.8.0-63-generic,True,c08,/dev/nvme3n1,32,True,True,False,False,30000,False,True,False,0,sqpoll,4096,open_sync,0,3931722.8423236515,3882649,3979954,29415.529364197544,241,23.307053941908713,23,24,0.4612719573820133,241
2,66006545564,27.5027,254.048,6.8.0-63-generic,True,c08,/dev/nvme3n1,32,True,True,False,False,30000,False,True,False,0,sqpoll,4096,open_dsync,0,3933346.460580913,3868332,3983313,29518.288492078234,241,23.30290456431535,23,24,0.4595142970923528,241
2,66006608732,27.5028,254.047,6.8.0-63-generic,True,c08,/dev/nvme3n1,32,True,True,False,False,30000,False,True,False,0,sqpoll,4096,write_sync,0,3927864.124481328,3877981,3979570,29220.734760065745,241,23.29875518672199,23,24,0.457712273299176,241
2,66008383126,27.5035,254.04,6.8.0-63-generic,True,c08,/dev/nvme3n1,32,True,True,False,False,30000,False,True,False,0,sqpoll,4096,write_dsync,0,3928999.4149377593,3872710,3982935,29721.28724758658,241,23.307053941908713,23,24,0.4612719573820133,241
2,66008369732,27.5035,101951,6.8.0-63-generic,True,c08,/dev/ng3n1,32,True,True,False,False,30000,False,True,False,0,sqpoll,4096,nvme_passthru,0,9840.834024896265,9692,10053,89.72122248090616,241,9350.771784232365,9335,9375,10.307401387960569,241
2,66007261862,27.503,628.513,6.8.0-63-generic,True,c08,/dev/ng3n1,32,True,True,False,False,30000,False,True,False,0,sqpoll,4096,nvme_passthru_flush,0,1585569.3609958505,1550386,1613790,17611.026973241922,241,57.7551867219917,57,58,0.4299764376324942,241
2,66007929266,27.5033,101004,6.8.0-63-generic,True,c08,/dev/nvme3n1,32,True,True,False,True,30000,False,True,False,0,defer,4096,none,0,9873.0,9689,10179,122.63053845863844,241,9272.045643153528,9212,9290,14.914208036293415,241
2,66007648742,27.5032,254.116,6.8.0-63-generic,True,c08,/dev/nvme3n1,32,True,True,False,True,30000,False,True,False,0,defer,4096,open_sync,0,3927814.3609958505,3867490,3981261,28949.00398960237,241,23.315352697095435,23,24,0.4646561885201467,241
2,66007293362,27.503,254.081,6.8.0-63-generic,True,c08,/dev/nvme3n1,32,True,True,False,True,30000,False,True,False,0,defer,4096,open_dsync,0,3928999.3112033196,3871157,3984804,28644.534747831916,241,23.315352697095435,23,24,0.4646561885201467,241
2,66008152212,27.5034,254.114,6.8.0-63-generic,True,c08,/dev/nvme3n1,32,True,True,False,True,30000,False,True,False,0,defer,4096,write_sync,0,3931182.659751037,3873019,3987615,29908.328175016395,241,23.311203319502074,23,24,0.46298575942782977,241
2,66007388670,27.5031,254.117,6.8.0-63-generic,True,c08,/dev/nvme3n1,32,True,True,False,True,30000,False,True,False,0,defer,4096,write_dsync,0,3933720.4149377593,3875658,3986510,30019.971242705895,241,23.323651452282157,23,24,0.46786877403584853,241
2,66001898252,27.5008,591.147,6.8.0-63-generic,True,c08,/dev/nvme3n1,32,True,True,False,True,30000,False,True,False,0,defer,4096,fsync_link2,0,1683508.4439834026,1603676,1753729,43369.20176077943,241,54.37759336099585,54,55,0.48478512222190545,241
2,66006834246,27.5028,102504,6.8.0-63-generic,True,c08,/dev/ng3n1,32,True,True,False,True,30000,False,True,False,0,defer,4096,nvme_passthru,0,9715.29460580913,9529,9971,116.81840507143481,241,9406.165975103735,9344,9438,17.945903148540825,241
2,66007524556,27.5031,628.51,6.8.0-63-generic,True,c08,/dev/ng3n1,32,True,True,False,True,30000,False,True,False,0,defer,4096,nvme_passthru_flush,0,1586378.4771784232,1550885,1615007,18623.950367162302,241,57.74273858921162,57,59,0.4465162175042191,241
2,66006176102,27.5026,99992,6.8.0-63-generic,True,c08,/dev/nvme3n1,32,True,True,False,True,30000,False,True,False,0,sqpoll,4096,none,0,10063.726141078838,9780,10397,180.35209829147476,241,9187.29460580913,9159,9207,9.610696622769028,241
2,66006292222,27.5026,254.085,6.8.0-63-generic,True,c08,/dev/nvme3n1,32,True,True,False,True,30000,False,True,False,0,sqpoll,4096,open_sync,0,3932590.203319502,3875010,3984021,31534.012400170344,241,23.315352697095435,23,24,0.4646561885201467,241
2,66007880988,27.5033,254.042,6.8.0-63-generic,True,c08,/dev/nvme3n1,32,True,True,False,True,30000,False,True,False,0,sqpoll,4096,open_dsync,0,3929005.9045643155,3869706,3985425,31251.201785807887,241,23.30290456431535,23,24,0.4595142970923528,241
2,66008067626,27.5034,254.078,6.8.0-63-generic,True,c08,/dev/nvme3n1,32,True,True,False,True,30000,False,True,False,0,sqpoll,4096,write_sync,0,3930003.643153527,3881593,3982125,28888.415434578503,241,23.311203319502074,23,24,0.46298575942782977,241
2,66007810532,27.5033,254.043,6.8.0-63-generic,True,c08,/dev/nvme3n1,32,True,True,False,True,30000,False,True,False,0,sqpoll,4096,write_dsync,0,3929314.323651452,3865366,3979905,30626.895973134328,241,23.307053941908713,23,24,0.4612719573820133,241
2,66002063026,27.5009,610.672,6.8.0-63-generic,True,c08,/dev/nvme3n1,32,True,True,False,True,30000,False,True,False,0,sqpoll,4096,fsync_link2,0,1634246.8215767634,1583636,1678923,27813.510846627545,241,56.13278008298755,55,57,0.6561266871914343,241
2,66006389044,27.5027,102327,6.8.0-63-generic,True,c08,/dev/ng3n1,32,True,True,False,True,30000,False,True,False,0,sqpoll,4096,nvme_passthru,0,9743.377593360996,9550,9990,112.0911128913833,241,9403.095435684647,9378,9428,15.872521857643866,241
2,66006385680,27.5027,628.521,6.8.0-63-generic,True,c08,/dev/ng3n1,32,True,True,False,True,30000,False,True,False,0,sqpoll,4096,nvme_passthru_flush,0,1588438.6099585062,1549960,1616100,17912.73956627041,241,57.7551867219917,57,59,0.4580131029559047,241
0,66003509106,27.5015,593.532,6.8.0-63-generic,True,c08,/dev/nvme2n1,32,True,True,False,False,30000,False,True,False,0,defer,4096,fsync_link,1,1684738.970954357,1614506,1768532,45565.26885728318,241,54.572614107883815,54,55,0.4946990917075119,241
0,66001376936,27.5006,594.206,6.8.0-63-generic,True,c08,/dev/nvme2n1,32,True,True,False,False,30000,False,True,False,0,defer,4096,fsync_link2,1,1674257.7136929461,1613238,1761870,40683.43525385925,241,54.63900414937759,54,55,0.48028933618789804,241
0,66002787260,27.5012,248.899,6.8.0-63-generic,True,c08,/dev/nvme2n1,32,True,True,False,False,30000,False,True,False,0,defer,4096,open_sync,0,4012612.65560166,3950040,4063833,32460.489869087636,241,22.933609958506224,22,23,0.24896265560165973,241
0,66002200660,27.5009,248.755,6.8.0-63-generic,True,c08,/dev/nvme2n1,32,True,True,False,False,30000,False,True,False,0,defer,4096,open_dsync,0,4015855.390041494,3954335,4065502,32941.314407118225,241,22.92116182572614,22,23,0.2694860229233115,241
0,65999927226,27.5,89401.8,6.8.0-63-generic,True,c08,/dev/nvme2n1,32,True,True,False,False,30000,False,True,False,0,defer,4096,none,0,11243.377593360996,11055,11470,96.20229893053124,241,8209.439834024895,8153,8263,33.2701364847695,241
0,66006065342,27.5025,248.777,6.8.0-63-generic,True,c08,/dev/nvme2n1,32,True,True,False,False,30000,False,True,False,0,defer,4096,write_sync,0,4015217.1576763485,3949964,4070207,33436.99092260756,241,22.933609958506224,22,23,0.24896265560165973,241
0,66000808862,27.5003,248.833,6.8.0-63-generic,True,c08,/dev/nvme2n1,32,True,True,False,False,30000,False,True,False,0,defer,4096,write_dsync,0,4010326.4937759335,3952498,4061843,32762.82735243526,241,22.941908713692946,22,23,0.23391598654697762,241
0,65999914364,27.5,92465,6.8.0-63-generic,True,c08,/dev/ng2n1,32,True,True,False,False,30000,False,True,False,0,defer,4096,nvme_passthru,0,10972.058091286308,10627,11284,174.74426111142407,241,8495.626556016598,8396,8548,30.752282244456477,241
0,66002871942,27.5012,603.246,6.8.0-63-generic,True,c08,/dev/ng2n1,32,True,True,False,False,30000,False,True,False,0,defer,4096,nvme_passthru_flush,0,1651257.398340249,1578881,1714643,39577.673594601634,241,55.50207468879668,55,56,0.4999956956478695,241
0,66007812312,27.5033,99581.9,6.8.0-63-generic,True,c08,/dev/nvme2n1,32,True,True,False,False,30000,False,True,False,0,sqpoll,4096,none,0,10074.684647302905,9858,10347,134.82313653834578,241,9144.153526970955,9117,9169,15.77162212088412,241
0,66006357810,27.5026,608.705,6.8.0-63-generic,True,c08,/dev/nvme2n1,32,True,True,False,False,30000,False,True,False,0,sqpoll,4096,fsync_link,1,1586206.7385892116,1547835,1615775,19437.280790831388,241,56.053941908713696,53,58,1.8039821732136674,241
0,66007204528,27.503,626.041,6.8.0-63-generic,True,c08,/dev/nvme2n1,32,True,True,False,False,30000,False,True,False,0,sqpoll,4096,fsync_link2,1,1587291.020746888,1548345,1618682,19510.923026979395,241,57.601659751037346,56,58,0.5456707627554175,241
0,66007758866,27.5032,254.297,6.8.0-63-generic,True,c08,/dev/nvme2n1,32,True,True,False,False,30000,False,True,False,0,sqpoll,4096,open_sync,0,3931045.323651452,3867824,3979158,31931.225637171057,241,23.323651452282157,23,24,0.46786877403584853,241
0,66007374630,27.5031,254.299,6.8.0-63-generic,True,c08,/dev/nvme2n1,32,True,True,False,False,30000,False,True,False,0,sqpoll,4096,open_dsync,0,3930147.419087137,3874797,3977454,30774.344963833053,241,23.327800829875518,23,24,0.4694118083393727,241
0,66008265044,27.5034,254.332,6.8.0-63-generic,True,c08,/dev/nvme2n1,32,True,True,False,False,30000,False,True,False,0,sqpoll,4096,write_sync,0,3929950.128630705,3865505,3976722,31676.444681429344,241,23.348547717842322,23,24,0.4765104471354554,241
0,66007608030,27.5032,254.334,6.8.0-63-generic,True,c08,/dev/nvme2n1,32,True,True,False,False,30000,False,True,False,0,sqpoll,4096,write_dsync,0,3930001.67219917,3863887,3976708,31236.513444932538,241,23.3402489626556,23,24,0.4737927881124708,241
0,66007267398,27.503,104002,6.8.0-63-generic,True,c08,/dev/ng2n1,32,True,True,False,False,30000,False,True,False,0,sqpoll,4096,nvme_passthru,0,9602.448132780082,9444,9859,100.12543174226882,241,9555.784232365146,9538,9570,8.574491766748608,241
0,66008236884,27.5034,628.394,6.8.0-63-generic,True,c08,/dev/ng2n1,32,True,True,False,False,30000,False,True,False,0,sqpoll,4096,nvme_passthru_flush,0,1585498.6970954356,1546526,1618304,19901.138400775922,241,57.7551867219917,57,58,0.4299764376324942,241
0,66006470766,27.5027,101179,6.8.0-63-generic,True,c08,/dev/nvme2n1,32,True,True,False,True,30000,False,True,False,0,defer,4096,none,0,9833.854771784232,9663,10098,103.127039992647,241,9286.622406639004,9232,9395,36.16345092202666,241
0,66007925894,27.5033,254.406,6.8.0-63-generic,True,c08,/dev/nvme2n1,32,True,True,False,True,30000,False,True,False,0,defer,4096,open_sync,0,3924361.846473029,3869062,3972242,30277.754771265285,241,23.348547717842322,23,24,0.4765104471354554,241





0,71892777792,29.9553,84070.3,6.15.0-rc7,True,fn01,/dev/nvme8n1,70,True,True,False,False,30000,False,True,False,0,defer,4096,none,0,10475.435684647304,10110,10720,150.43752584723495,241,8375.929460580914,8329,8561,48.20176305851987,241
0,71892791640,29.9553,63675.5,6.15.0-rc7,True,fn01,/dev/nvme8n1,70,True,True,False,False,30000,False,True,False,0,defer,4096,fsync_link,1,15078.464730290456,13960,16360,668.0296535713467,241,6370.485477178423,6194,6454,81.99074432052,241
0,71892791520,29.9553,56983.1,6.15.0-rc7,True,fn01,/dev/nvme8n1,70,True,True,False,False,30000,False,True,False,0,defer,4096,fsync_link2,1,17313.941908713692,16260,18640,609.8362312871774,241,5704.004149377593,5397,5925,140.68538508368118,241
0,71892778416,29.9553,84007.2,6.15.0-rc7,True,fn01,/dev/nvme8n1,70,True,True,False,False,30000,False,True,False,0,defer,4096,open_sync,0,11347.59336099585,10990,11700,173.14522901127714,241,8369.207468879667,8320,8548,51.84142860829982,241
0,71892814152,29.9553,83936,6.15.0-rc7,True,fn01,/dev/nvme8n1,70,True,True,False,False,30000,False,True,False,0,defer,4096,open_dsync,0,11375.933609958507,11020,11660,154.4151721330955,241,8363.452282157676,8321,8559,47.44762131709742,241
0,71892795216,29.9553,83775.7,6.15.0-rc7,True,fn01,/dev/nvme8n1,70,True,True,False,False,30000,False,True,False,0,defer,4096,write_sync,0,11938.298755186723,11520,12310,199.2059182912693,241,8345.933609958507,8297,8544,52.9328603850667,241
0,71892802368,29.9553,83590.3,6.15.0-rc7,True,fn01,/dev/nvme8n1,70,True,True,False,False,30000,False,True,False,0,defer,4096,write_dsync,0,11335.51867219917,10990,11640,135.89354153381274,241,8325.921161825727,8281,8504,49.91792026712841,241
0,71892748680,29.9553,91024.7,6.15.0-rc7,True,fn01,/dev/ng8n1,70,True,True,False,False,30000,False,True,False,0,defer,4096,nvme_passthru,0,10971.576763485476,10560,11250,177.57005314922077,241,9063.356846473029,9007,9315,75.90218949502218,241
0,71892781728,29.9553,6922.68,6.15.0-rc7,True,fn01,/dev/ng8n1,70,True,True,False,False,30000,False,True,False,0,defer,4096,nvme_passthru_flush,0,143615.26970954356,142430,145080,573.768959924589,241,693.2116182572614,691,696,0.9645317245344901,241
0,71899676280,29.9582,121899,6.15.0-rc7,True,fn01,/dev/nvme8n1,70,True,True,False,False,30000,False,True,False,0,sqpoll,4096,none,0,8154.730290456431,8100,8220,27.08580716368198,241,12185.572614107883,12176,12194,4.354126793904184,241
0,71900008296,29.9583,50966.9,6.15.0-rc7,True,fn01,/dev/nvme8n1,70,True,True,False,False,30000,False,True,False,0,sqpoll,4096,fsync_link,1,15023.526970954357,13760,15700,480.06181342432586,241,5091.385892116183,5024,5173,38.140225660262516,241
0,71900334624,29.9585,51838.8,6.15.0-rc7,True,fn01,/dev/nvme8n1,70,True,True,False,False,30000,False,True,False,0,sqpoll,4096,fsync_link2,1,14749.751037344398,13440,15380,491.11349924220985,241,5179.663900414937,5098,5265,43.83521462498271,241
0,71900587896,29.9586,121811,6.15.0-rc7,True,fn01,/dev/nvme8n1,70,True,True,False,False,30000,False,True,False,0,sqpoll,4096,open_sync,0,8166.390041493776,8120,8220,26.9284695711112,241,12175.107883817427,12164,12185,5.299806236474874,241
0,71901512208,29.959,121739,6.15.0-rc7,True,fn01,/dev/nvme8n1,70,True,True,False,False,30000,False,True,False,0,sqpoll,4096,open_dsync,0,8197.883817427386,8130,8270,30.93432655968297,241,12168.43153526971,12155,12183,6.834474586327956,241
0,71899412016,29.9581,120761,6.15.0-rc7,True,fn01,/dev/nvme8n1,70,True,True,False,False,30000,False,True,False,0,sqpoll,4096,write_sync,0,8227.136929460581,8180,8280,24.522365211191207,241,12071.746887966805,12060,12084,6.2836018445614075,241
0,71901585216,29.959,121050,6.15.0-rc7,True,fn01,/dev/nvme8n1,70,True,True,False,False,30000,False,True,False,0,sqpoll,4096,write_dsync,0,8218.755186721992,8160,8280,28.344835385214846,241,12099.639004149378,12090,12109,4.239506626444571,241
0,71901691536,29.959,137973,6.15.0-rc7,True,fn01,/dev/ng8n1,70,True,True,False,False,30000,False,True,False,0,sqpoll,4096,nvme_passthru,0,7198.96265560166,7160,7250,25.24902232201258,241,13795.817427385891,13742,13822,22.380708831971575,241
0,71899761144,29.9582,6926.14,6.15.0-rc7,True,fn01,/dev/ng8n1,70,True,True,False,False,30000,False,True,False,0,sqpoll,4096,nvme_passthru_flush,0,143555.35269709543,142430,144780,538.2328354423644,241,693.5311203319502,692,697,1.089399312024243,241
0,71901383856,29.9589,154050,6.15.0-rc7,True,fn01,/dev/nvme8n1,70,True,True,False,True,30000,False,True,False,0,defer,4096,none,0,6449.336099585063,6340,6550,64.71430273886627,241,15395.59336099585,15382,15409,6.658270798901748,241
0,71900459736,29.9585,153881,6.15.0-rc7,True,fn01,/dev/nvme8n1,70,True,True,False,True,30000,False,True,False,0,defer,4096,open_sync,0,6480.290456431535,6350,6620,55.07745086301293,241,15380.78838174274,15367,15395,7.13480379422401,241
0,71901093768,29.9588,154098,6.15.0-rc7,True,fn01,/dev/nvme8n1,70,True,True,False,True,30000,False,True,False,0,defer,4096,open_dsync,0,6456.763485477179,6330,6580,59.919569835423864,241,15403.522821576764,15390,15418,7.3980272354502645,241
0,71901571824,29.959,152114,6.15.0-rc7,True,fn01,/dev/nvme8n1,70,True,True,False,True,30000,False,True,False,0,defer,4096,write_sync,0,6544.60580912863,6410,6690,63.29105368555234,241,15203.410788381743,15191,15217,7.0834773413680185,241
0,71901055488,29.9588,151713,6.15.0-rc7,True,fn01,/dev/nvme8n1,70,True,True,False,True,30000,False,True,False,0,defer,4096,write_dsync,0,6540.995850622407,6420,6690,70.38014725766692,241,15162.402489626556,15148,15175,6.908398432740692,241
0,71901101568,29.9588,139982,6.15.0-rc7,True,fn01,/dev/nvme8n1,70,True,True,False,True,30000,False,True,False,0,defer,4096,fsync_link2,0,7117.01244813278,6980,7260,67.19788584205236,241,13993.921161825727,13970,14011,11.074905669107142,241
0,71899575600,29.9582,175769,6.15.0-rc7,True,fn01,/dev/ng8n1,70,True,True,False,True,30000,False,True,False,0,defer,4096,nvme_passthru,0,5645.6846473029045,5580,5750,47.6114997613277,241,17567.39834024896,17537,17589,13.645445083216796,241
0,71900668728,29.9586,6923.65,6.15.0-rc7,True,fn01,/dev/ng8n1,70,True,True,False,True,30000,False,True,False,0,defer,4096,nvme_passthru_flush,0,143613.77593360996,142780,144850,501.0911906325261,241,693.3153526970955,691,696,0.8879861943824844,241
0,71900752176,29.9586,143832,6.15.0-rc7,True,fn01,/dev/nvme8n1,70,True,True,False,True,30000,False,True,False,0,sqpoll,4096,none,0,6898.547717842323,6870,6940,16.089957338566858,241,14379.016597510374,14363,14390,6.879500370849972,241
0,71900111976,29.9584,144159,6.15.0-rc7,True,fn01,/dev/nvme8n1,70,True,True,False,True,30000,False,True,False,0,sqpoll,4096,open_sync,0,6879.128630705394,6850,6920,18.27827911310719,241,14411.53112033195,14394,14427,8.665766241596005,241
0,71900428704,29.9585,144293,6.15.0-rc7,True,fn01,/dev/nvme8n1,70,True,True,False,True,30000,False,True,False,0,sqpoll,4096,open_dsync,0,6874.273858921162,6850,6910,16.052032266367764,241,14425.8755186722,14405,14440,8.079035304599852,241
0,71899623792,29.9582,142646,6.15.0-rc7,True,fn01,/dev/nvme8n1,70,True,True,False,True,30000,False,True,False,0,sqpoll,4096,write_sync,0,6951.369294605809,6920,7000,18.91761268307659,241,14259.273858921162,14246,14272,6.34745197063482,241
0,71901211824,29.9588,143199,6.15.0-rc7,True,fn01,/dev/nvme8n1,70,True,True,False,True,30000,False,True,False,0,sqpoll,4096,write_dsync,0,6926.016597510374,6900,6970,19.01909213399755,241,14315.174273858922,14300,14331,7.823435507813578,241
0,71900270472,29.9584,135981,6.15.0-rc7,True,fn01,/dev/nvme8n1,70,True,True,False,True,30000,False,True,False,0,sqpoll,4096,fsync_link2,0,7312.365145228216,7260,7440,47.2194430038413,241,13595.734439834025,13580,13608,7.169264778643419,241
0,71899544208,29.9581,168174,6.15.0-rc7,True,fn01,/dev/ng8n1,70,True,True,False,True,30000,False,True,False,0,sqpoll,4096,nvme_passthru,0,5827.883817427386,5740,6670,190.93589924878393,241,16807.402489626555,16773,16848,17.31091787338808,241
0,71899620264,29.9582,6923.29,6.15.0-rc7,True,fn01,/dev/ng8n1,70,True,True,False,True,30000,False,True,False,0,sqpoll,4096,nvme_passthru_flush,0,143525.6846473029,142510,144620,550.7343721663434,241,693.2821576763486,691,696,1.0119888761797795,241
1,71892747288,29.9553,84529.9,6.15.0-rc7,True,fn01,/dev/nvme8n1,70,True,True,False,False,30000,False,True,False,0,defer,4096,none,0,10622.157676348548,10250,10840,150.45819380886903,241,8423.170124481328,8374,8613,55.05222058437617,241
1,71892791040,29.9553,60805.6,6.15.0-rc7,True,fn01,/dev/nvme8n1,70,True,True,False,False,30000,False,True,False,0,defer,4096,fsync_link,1,16947.676348547717,15680,18830,841.33094212141,241,6113.746887966805,5784,6244,131.85389814912654,241
1,71892761904,29.9553,57582.5,6.15.0-rc7,True,fn01,/dev/nvme8n1,70,True,True,False,False,30000,False,True,False,0,defer,4096,fsync_link2,1,18153.651452282156,17270,19730,618.2386529823733,241,5799.182572614108,5472,5900,105.60075063398222,241
1,71892764232,29.9553,84130.5,6.15.0-rc7,True,fn01,/dev/nvme8n1,70,True,True,False,False,30000,False,True,False,0,defer,4096,open_sync,0,11817.385892116183,11400,12240,193.16165173600726,241,8386.095435684647,8332,8557,58.09238617808809,241
1,71892766320,29.9553,84154.8,6.15.0-rc7,True,fn01,/dev/nvme8n1,70,True,True,False,False,30000,False,True,False,0,defer,4096,open_dsync,0,11654.315352697095,11280,11980,193.6857191795183,241,8384.323651452281,8328,8568,54.389816107525725,241
1,71892744048,29.9553,83684.2,6.15.0-rc7,True,fn01,/dev/nvme8n1,70,True,True,False,False,30000,False,True,False,0,defer,4096,write_sync,0,10986.88796680498,10630,11230,137.36050600659908,241,8337.970954356846,8297,8517,48.14254408048546,241
1,71892743328,29.9553,83631.2,6.15.0-rc7,True,fn01,/dev/nvme8n1,70,True,True,False,False,30000,False,True,False,0,defer,4096,write_dsync,0,10570.414937759337,10210,10800,150.86140635113057,241,8330.070539419086,8286,8505,43.417962936072385,241
1,71892583800,29.9552,90781.8,6.15.0-rc7,True,fn01,/dev/ng8n1,70,True,True,False,False,30000,False,True,False,0,defer,4096,nvme_passthru,0,10009.709543568464,9640,10210,147.08057559735389,241,9045.858921161825,8996,9249,58.96989890129937,241
1,71892762768,29.9553,6921.01,6.15.0-rc7,True,fn01,/dev/ng8n1,70,True,True,False,False,30000,False,True,False,0,defer,4096,nvme_passthru_flush,0,143625.9336099585,142280,145350,719.5728762419188,241,693.0871369294606,686,696,1.2642057918530856,241
1,71901082080,29.9588,121766,6.15.0-rc7,True,fn01,/dev/nvme8n1,70,True,True,False,False,30000,False,True,False,0,sqpoll,4096,none,0,8168.381742738589,8120,8240,26.34505155358787,241,12166.713692946058,12155,12182,6.468963506758712,241
1,71899532472,29.9581,51295.2,6.15.0-rc7,True,fn01,/dev/nvme8n1,70,True,True,False,False,30000,False,True,False,0,sqpoll,4096,fsync_link,1,14812.614107883817,13430,15580,585.5325380898686,241,5126.954356846473,5043,5201,40.36989233524121,241
1,71901304344,29.9589,51645.2,6.15.0-rc7,True,fn01,/dev/nvme8n1,70,True,True,False,False,30000,False,True,False,0,sqpoll,4096,fsync_link2,1,14798.257261410788,13440,15410,488.492762105893,241,5159.925311203319,5091,5240,36.70057466743198,241
1,71901471888,29.9589,121659,6.15.0-rc7,True,fn01,/dev/nvme8n1,70,True,True,False,False,30000,False,True,False,0,sqpoll,4096,open_sync,0,8179.751037344398,8130,8260,31.503478187782154,241,12159.452282157676,12147,12187,7.284298251432511,241
1,71900507832,29.9585,121825,6.15.0-rc7,True,fn01,/dev/nvme8n1,70,True,True,False,False,30000,False,True,False,0,sqpoll,4096,open_dsync,0,8160.539419087137,8110,8210,24.104705513204426,241,12177.041493775934,12165,12195,6.9292767138376155,241
1,71900231856,29.9584,120555,6.15.0-rc7,True,fn01,/dev/nvme8n1,70,True,True,False,False,30000,False,True,False,0,sqpoll,4096,write_sync,0,8244.688796680497,8200,8300,24.964843309273675,241,12051.091286307053,12039,12063,6.172483343644747,241
1,71901425544,29.9589,120751,6.15.0-rc7,True,fn01,/dev/nvme8n1,70,True,True,False,False,30000,False,True,False,0,sqpoll,4096,write_dsync,0,8244.190871369294,8190,8310,28.696958642690706,241,12068.576763485476,12043,12104,14.174787663051907,241
1,71899485792,29.9581,136775,6.15.0-rc7,True,fn01,/dev/ng8n1,70,True,True,False,False,30000,False,True,False,0,sqpoll,4096,nvme_passthru,0,7293.402489626556,6980,7400,110.29214239600064,241,13666.991701244813,13613,13770,36.61428328206485,241
1,71900928240,29.9587,6927.43,6.15.0-rc7,True,fn01,/dev/ng8n1,70,True,True,False,False,30000,False,True,False,0,sqpoll,4096,nvme_passthru_flush,0,143535.8091286307,142580,144980,527.0384934012188,241,693.6721991701245,692,697,1.1756586119913888,241
1,71901050664,29.9588,151771,6.15.0-rc7,True,fn01,/dev/nvme8n1,70,True,True,False,True,30000,False,True,False,0,defer,4096,none,0,6552.282157676348,6420,6720,72.85080568614438,241,15171.477178423236,15156,15184,7.306032430877117,241
1,71900078088,29.9584,153616,6.15.0-rc7,True,fn01,/dev/nvme8n1,70,True,True,False,True,30000,False,True,False,0,defer,4096,open_sync,0,6487.593360995851,6360,6630,51.72558254416843,241,15356.186721991702,15340,15371,8.07449689101701,241
1,71900265744,29.9584,154207,6.15.0-rc7,True,fn01,/dev/nvme8n1,70,True,True,False,True,30000,False,True,False,0,defer,4096,open_dsync,0,6446.55601659751,6330,6530,58.80700179103826,241,15412.726141078838,15399,15426,6.931174782380992,241
1,71900104224,29.9584,152448,6.15.0-rc7,True,fn01,/dev/nvme8n1,70,True,True,False,True,30000,False,True,False,0,defer,4096,write_sync,0,6517.3443983402485,6390,6680,70.96549377546584,241,15239.141078838175,15222,15255,8.346540844225466,241
1,71899626552,29.9582,151922,6.15.0-rc7,True,fn01,/dev/nvme8n1,70,True,True,False,True,30000,False,True,False,0,defer,4096,write_dsync,0,6530.248962655602,6410,6680,65.55809125347866,241,15183.286307053942,15168,15196,7.22410809819673,241
1,71899361928,29.9581,140223,6.15.0-rc7,True,fn01,/dev/nvme8n1,70,True,True,False,True,30000,False,True,False,0,defer,4096,fsync_link2,0,7085.643153526971,6960,7250,77.6128628387207,241,14016.904564315353,14004,14030,6.3307210457858965,241
1,71901140112,29.9588,172849,6.15.0-rc7,True,fn01,/dev/ng8n1,70,True,True,False,True,30000,False,True,False,0,defer,4096,nvme_passthru,0,5727.593360995851,5630,5840,54.65865973982832,241,17277.609958506226,17252,17301,13.020146549899156,241
1,71899935792,29.9583,6922.85,6.15.0-rc7,True,fn01,/dev/ng8n1,70,True,True,False,True,30000,False,True,False,0,defer,4096,nvme_passthru_flush,0,143697.3029045643,142940,144720,447.81695879094974,241,693.3070539419087,691,696,0.9138809866012003,241
1,71900665752,29.9586,143920,6.15.0-rc7,True,fn01,/dev/nvme8n1,70,True,True,False,True,30000,False,True,False,0,sqpoll,4096,none,0,6892.821576763486,6860,6940,17.83759466424588,241,14386.854771784232,14373,14400,6.564685166705184,241
1,71899539888,29.9581,144155,6.15.0-rc7,True,fn01,/dev/nvme8n1,70,True,True,False,True,30000,False,True,False,0,sqpoll,4096,open_sync,0,6885.103734439834,6860,6920,16.923357454941826,241,14410.614107883817,14397,14424,7.163505954846731,241
1,71900819808,29.9587,144203,6.15.0-rc7,True,fn01,/dev/nvme8n1,70,True,True,False,True,30000,False,True,False,0,sqpoll,4096,open_dsync,0,6877.468879668049,6850,6920,18.259996023040472,241,14416.01244813278,14399,14432,8.43450792175599,241
1,71899893120,29.9583,142774,6.15.0-rc7,True,fn01,/dev/nvme8n1,70,True,True,False,True,30000,False,True,False,0,sqpoll,4096,write_sync,0,6950.622406639004,6920,6990,17.404945045888894,241,14272.59336099585,14259,14285,6.962897932963596,241
1,71900793240,29.9587,143093,6.15.0-rc7,True,fn01,/dev/nvme8n1,70,True,True,False,True,30000,False,True,False,0,sqpoll,4096,write_dsync,0,6932.240663900415,6900,6970,16.446826365124288,241,14302.813278008298,14288,14317,6.979102627632491,241
1,71901043392,29.9588,136067,6.15.0-rc7,True,fn01,/dev/nvme8n1,70,True,True,False,True,30000,False,True,False,0,sqpoll,4096,fsync_link2,0,7289.9170124481325,7250,7420,30.62274398491781,241,13603.622406639004,13554,13623,15.456086771058148,241




0,66003180364,27.5013,567.464,6.8.0-63-generic,True,c08,/dev/nvme3n1,32,True,True,False,False,30000,False,True,True,0,defer,4096,fsync_link,1,1756593.6846473028,1677610,1841079,45387.40025272854,241,52.211618257261414,51,53,0.5161598906305275,241
0,66001975574,27.5008,567.438,6.8.0-63-generic,True,c08,/dev/nvme3n1,32,True,True,False,False,30000,False,True,True,0,defer,4096,fsync_link2,1,1762187.336099585,1676980,1843801,45951.09709858282,241,52.0746887966805,51,54,0.9568612278572898,241
0,66007351170,27.5031,608.114,6.8.0-63-generic,True,c08,/dev/nvme3n1,32,True,True,False,False,30000,False,True,True,0,sqpoll,4096,fsync_link,5,1644201.2780082987,1586378,1691426,26654.211144974553,241,55.88796680497925,55,57,0.6244503100883688,241
0,66006597588,27.5027,609.794,6.8.0-63-generic,True,c08,/dev/nvme3n1,32,True,True,False,False,30000,False,True,True,0,sqpoll,4096,fsync_link2,1,1634188.3941908714,1586644,1679535,25656.353032648658,241,56.0746887966805,55,57,0.5639796414167596,241
0,66002299352,27.501,567.726,6.8.0-63-generic,True,c08,/dev/nvme3n1,32,True,True,False,False,30000,False,True,True,8,defer,4096,fsync_link,1,1762571.979253112,1689656,1839201,40080.01171499652,241,52.11203319502075,51,53,0.6816355231719939,241
0,66001112914,27.5005,566.5,6.8.0-63-generic,True,c08,/dev/nvme3n1,32,True,True,False,False,30000,False,True,True,8,defer,4096,fsync_link2,1,1765091.3236514523,1687256,1843477,46581.46034826954,241,51.96680497925311,51,54,0.8539253755622612,241
0,66008053760,27.5034,581.093,6.8.0-63-generic,True,c08,/dev/nvme3n1,32,True,True,False,False,30000,False,True,True,8,sqpoll,4096,fsync_link,6,1715488.6390041495,1649021,1774410,32650.093416500305,241,53.3195020746888,52,54,0.5987481416527528,241
0,66006334598,27.5026,584.962,6.8.0-63-generic,True,c08,/dev/nvme3n1,32,True,True,False,False,30000,False,True,True,8,sqpoll,4096,fsync_link2,7,1707027.9211618258,1638041,1763613,34710.248633347546,241,53.70539419087137,52,55,0.8251316694924811,241
