server_bandwidth_Bps,server_bandwidth_GiB_s,client_bandwidth_Bps,client_bandwidth_GiB_s,run,backend,kernel,mtu,read_bytes,duration,num_sockets,num_workers,num_ssds,request_size,stripe_size,reg_ring,reg_fds,reg_bufs,napi,send_zc,pin_queues,server,client
447643094,0.4169,447649831,0.416906,0,io_uring,6.15.0-rc7,9000,,30000,32,1,8,4096,4096,False,False,False,False,False,False,fn01,fn03
1351549674,1.25873,1351569658,1.25875,0,io_uring,6.15.0-rc7,9000,,30000,32,1,8,16384,16384,False,False,False,False,False,False,fn01,fn03
2927537815,2.72648,2927576957,2.72652,0,io_uring,6.15.0-rc7,9000,,30000,32,1,8,65536,65536,False,False,False,False,False,False,fn01,fn03
3759243731,3.50107,3759369916,3.50119,0,io_uring,6.15.0-rc7,9000,,30000,32,1,8,131072,131072,False,False,False,False,False,False,fn01,fn03
4666116567,4.34566,4666437756,4.34596,0,io_uring,6.15.0-rc7,9000,,30000,32,1,8,524288,524288,False,False,False,False,False,False,fn01,fn03
864120339,0.804775,864132127,0.804786,0,io_uring,6.15.0-rc7,9000,,30000,32,2,8,4096,4096,False,False,False,False,False,False,fn01,fn03
2665142706,2.48211,2665199805,2.48216,0,io_uring,6.15.0-rc7,9000,,30000,32,2,8,16384,16384,False,False,False,False,False,False,fn01,fn03
5753383030,5.35826,5750702134,5.35576,0,io_uring,6.15.0-rc7,9000,,30000,32,2,8,65536,65536,False,False,False,False,False,False,fn01,fn03
7237933799,6.74085,7238069211,6.74098,0,io_uring,6.15.0-rc7,9000,,30000,32,2,8,131072,131072,False,False,False,False,False,False,fn01,fn03
8886808744,8.27649,8888014699,8.27761,0,io_uring,6.15.0-rc7,9000,,30000,32,2,8,524288,524288,False,False,False,False,False,False,fn01,fn03
1687954969,1.57203,1687094003,1.57123,0,io_uring,6.15.0-rc7,9000,,30000,32,4,8,4096,4096,False,False,False,False,False,False,fn01,fn03
3195941147,2.97645,3195035779,2.97561,0,io_uring,6.15.0-rc7,9000,,30000,32,8,8,4096,4096,False,False,False,False,False,False,fn01,fn03
5978811123,5.5682,5977230124,5.56673,0,io_uring,6.15.0-rc7,9000,,30000,32,16,8,4096,4096,False,False,False,False,False,False,fn01,fn03
10438826444,9.72191,10439185639,9.72225,0,io_uring,6.15.0-rc7,9000,,30000,32,32,8,4096,4096,False,False,False,False,False,False,fn01,fn03
10598308747,9.87044,10603569477,9.87534,0,io_uring,6.15.0-rc7,9000,,30000,32,64,8,4096,4096,False,False,False,False,False,False,fn01,fn03
355584228,0.331164,366989029,0.341785,0,epoll_libaio,6.15.0-rc7,9000,,30000,32,1,8,4096,4096,False,False,False,False,False,False,fn01,fn03
686598956,0.639445,709128111,0.660427,0,epoll_libaio,6.15.0-rc7,9000,,30000,32,2,8,4096,4096,False,False,False,False,False,False,fn01,fn03
1357342717,1.26412,1401963632,1.30568,0,epoll_libaio,6.15.0-rc7,9000,,30000,32,4,8,4096,4096,False,False,False,False,False,False,fn01,fn03
2621697722,2.44165,2708715407,2.52269,0,epoll_libaio,6.15.0-rc7,9000,,30000,32,8,8,4096,4096,False,False,False,False,False,False,fn01,fn03
4873951597,4.53922,5038955762,4.69289,0,epoll_libaio,6.15.0-rc7,9000,,30000,32,16,8,4096,4096,False,False,False,False,False,False,fn01,fn03
8784074999,8.18081,9083571357,8.45974,0,epoll_libaio,6.15.0-rc7,9000,,30000,32,32,8,4096,4096,False,False,False,False,False,False,fn01,fn03
8811540356,8.20639,9120617557,8.49424,0,epoll_libaio,6.15.0-rc7,9000,,30000,32,64,8,4096,4096,False,False,False,False,False,False,fn01,fn03
455892564,0.424583,456383075,0.42504,0,io_uring,6.15.0-rc7,9000,,30000,32,1,8,4096,4096,True,True,True,False,False,False,fn01,fn03
923616791,0.860185,924623374,0.861123,0,io_uring,6.15.0-rc7,9000,,30000,32,2,8,4096,4096,True,True,True,False,False,False,fn01,fn03
1747406414,1.6274,1748179860,1.62812,0,io_uring,6.15.0-rc7,9000,,30000,32,4,8,4096,4096,True,True,True,False,False,False,fn01,fn03
3438485283,3.20234,3440758273,3.20446,0,io_uring,6.15.0-rc7,9000,,30000,32,8,8,4096,4096,True,True,True,False,False,False,fn01,fn03
6103329548,5.68417,6109937114,5.69032,0,io_uring,6.15.0-rc7,9000,,30000,32,16,8,4096,4096,True,True,True,False,False,False,fn01,fn03
10868411942,10.122,10879753318,10.1326,0,io_uring,6.15.0-rc7,9000,,30000,32,32,8,4096,4096,True,True,True,False,False,False,fn01,fn03
10952427901,10.2002,10976156369,10.2223,0,io_uring,6.15.0-rc7,9000,,30000,32,64,8,4096,4096,True,True,True,False,False,False,fn01,fn03
482766860,0.449612,483250466,0.450062,0,io_uring,6.15.0-rc7,9000,,30000,32,1,8,4096,4096,True,True,True,False,True,False,fn01,fn03
969409364,0.902833,970420225,0.903774,0,io_uring,6.15.0-rc7,9000,,30000,32,2,8,4096,4096,True,True,True,False,True,False,fn01,fn03
1817405747,1.69259,1818344667,1.69347,0,io_uring,6.15.0-rc7,9000,,30000,32,4,8,4096,4096,True,True,True,False,True,False,fn01,fn03
3430945723,3.19532,3433894667,3.19806,0,io_uring,6.15.0-rc7,9000,,30000,32,8,8,4096,4096,True,True,True,False,True,False,fn01,fn03
6433230150,5.99141,6439781205,5.99751,0,io_uring,6.15.0-rc7,9000,,30000,32,16,8,4096,4096,True,True,True,False,True,False,fn01,fn03
11374305960,10.5931,11391249610,10.6089,0,io_uring,6.15.0-rc7,9000,,30000,32,32,8,4096,4096,True,True,True,False,True,False,fn01,fn03
11365558450,10.585,11383504890,10.6017,0,io_uring,6.15.0-rc7,9000,,30000,32,64,8,4096,4096,True,True,True,False,True,False,fn01,fn03
9772892049,9.10171,9770401666,9.0994,0,io_uring,6.15.0-rc7,9000,,30000,32,4,8,65536,65536,False,False,False,False,False,False,fn01,fn03
13795403778,12.848,13791244472,12.8441,0,io_uring,6.15.0-rc7,9000,,30000,32,4,8,524288,524288,False,False,False,False,False,False,fn01,fn03
15976115615,14.8789,15969121396,14.8724,0,io_uring,6.15.0-rc7,9000,,30000,32,8,8,65536,65536,False,False,False,False,False,False,fn01,fn03
20076864945,18.698,20079397579,18.7004,0,io_uring,6.15.0-rc7,9000,,30000,32,8,8,524288,524288,False,False,False,False,False,False,fn01,fn03
25796708633,24.0251,25788926803,24.0178,0,io_uring,6.15.0-rc7,9000,,30000,32,16,8,65536,65536,False,False,False,False,False,False,fn01,fn03
31593010124,29.4233,31600667477,29.4304,0,io_uring,6.15.0-rc7,9000,,30000,32,16,8,524288,524288,False,False,False,False,False,False,fn01,fn03
49353440506,45.964,49345430408,45.9565,0,io_uring,6.15.0-rc7,9000,,30000,32,32,8,65536,65536,False,False,False,False,False,False,fn01,fn03
49237650313,45.8561,49296297014,45.9108,0,io_uring,6.15.0-rc7,9000,,30000,32,32,8,524288,524288,False,False,False,False,False,False,fn01,fn03
49393711571,46.0015,49420163864,46.0261,0,io_uring,6.15.0-rc7,9000,,30000,32,64,8,65536,65536,False,False,False,False,False,False,fn01,fn03
49283035870,45.8984,49441509365,46.046,0,io_uring,6.15.0-rc7,9000,,30000,32,64,8,524288,524288,False,False,False,False,False,False,fn01,fn03
2692786835,2.50785,2779512047,2.58862,0,epoll_libaio,6.15.0-rc7,9000,,30000,32,1,8,65536,65536,False,False,False,False,False,False,fn01,fn03
4516768935,4.20657,4662353991,4.34216,0,epoll_libaio,6.15.0-rc7,9000,,30000,32,1,8,524288,524288,False,False,False,False,False,False,fn01,fn03
5114866414,4.76359,5283013462,4.92019,0,epoll_libaio,6.15.0-rc7,9000,,30000,32,2,8,65536,65536,False,False,False,False,False,False,fn01,fn03
8553142354,7.96573,8835629280,8.22882,0,epoll_libaio,6.15.0-rc7,9000,,30000,32,2,8,524288,524288,False,False,False,False,False,False,fn01,fn03
8790849202,8.18712,9084840735,8.46092,0,epoll_libaio,6.15.0-rc7,9000,,30000,32,4,8,65536,65536,False,False,False,False,False,False,fn01,fn03
12980907871,12.0894,13414653653,12.4934,0,epoll_libaio,6.15.0-rc7,9000,,30000,32,4,8,524288,524288,False,False,False,False,False,False,fn01,fn03
14828259251,13.8099,15318913962,14.2669,0,epoll_libaio,6.15.0-rc7,9000,,30000,32,8,8,65536,65536,False,False,False,False,False,False,fn01,fn03
19211594486,17.8922,19866974309,18.5026,0,epoll_libaio,6.15.0-rc7,9000,,30000,32,8,8,524288,524288,False,False,False,False,False,False,fn01,fn03
23876578304,22.2368,24692419883,22.9966,0,epoll_libaio,6.15.0-rc7,9000,,30000,32,16,8,65536,65536,False,False,False,False,False,False,fn01,fn03
30295398913,28.2148,31354115206,29.2008,0,epoll_libaio,6.15.0-rc7,9000,,30000,32,16,8,524288,524288,False,False,False,False,False,False,fn01,fn03
47735223571,44.4569,49396474329,46.0041,0,epoll_libaio,6.15.0-rc7,9000,,30000,32,32,8,65536,65536,False,False,False,False,False,False,fn01,fn03
47689058589,44.4139,49410502047,46.0171,0,epoll_libaio,6.15.0-rc7,9000,,30000,32,32,8,524288,524288,False,False,False,False,False,False,fn01,fn03
47728034135,44.4502,49424569438,46.0302,0,epoll_libaio,6.15.0-rc7,9000,,30000,32,64,8,65536,65536,False,False,False,False,False,False,fn01,fn03
47615468163,44.3454,49423385186,46.0291,0,epoll_libaio,6.15.0-rc7,9000,,30000,32,64,8,524288,524288,False,False,False,False,False,False,fn01,fn03
5061589665,4.71397,5061787294,4.71416,0,io_uring,6.15.0-rc7,9000,,30000,32,4,8,16384,16384,False,False,False,False,False,False,fn01,fn03
8970899116,8.3548,8968880671,8.35292,0,io_uring,6.15.0-rc7,9000,,30000,32,8,8,16384,16384,False,False,False,False,False,False,fn01,fn03
15820770515,14.7342,15817049812,14.7308,0,io_uring,6.15.0-rc7,9000,,30000,32,16,8,16384,16384,False,False,False,False,False,False,fn01,fn03
27415478708,25.5327,27413856365,25.5311,0,io_uring,6.15.0-rc7,9000,,30000,32,32,8,16384,16384,False,False,False,False,False,False,fn01,fn03
27502854408,25.614,27510379131,25.621,0,io_uring,6.15.0-rc7,9000,,30000,32,64,8,16384,16384,False,False,False,False,False,False,fn01,fn03
1097954006,1.02255,1133241878,1.05541,0,epoll_libaio,6.15.0-rc7,9000,,30000,32,1,8,16384,16384,False,False,False,False,False,False,fn01,fn03
2265752224,2.11015,2340452356,2.17972,0,epoll_libaio,6.15.0-rc7,9000,,30000,32,2,8,16384,16384,False,False,False,False,False,False,fn01,fn03
4095805041,3.81452,4232801954,3.9421,0,epoll_libaio,6.15.0-rc7,9000,,30000,32,4,8,16384,16384,False,False,False,False,False,False,fn01,fn03
7629342826,7.10538,7882439837,7.34109,0,epoll_libaio,6.15.0-rc7,9000,,30000,32,8,8,16384,16384,False,False,False,False,False,False,fn01,fn03
13516777122,12.5885,13974811112,13.0151,0,epoll_libaio,6.15.0-rc7,9000,,30000,32,16,8,16384,16384,False,False,False,False,False,False,fn01,fn03
24402933878,22.727,25240283414,23.5068,0,epoll_libaio,6.15.0-rc7,9000,,30000,32,32,8,16384,16384,False,False,False,False,False,False,fn01,fn03
24390414617,22.7153,25244775018,23.511,0,epoll_libaio,6.15.0-rc7,9000,,30000,32,64,8,16384,16384,False,False,False,False,False,False,fn01,fn03
1442651966,1.34357,1444623796,1.34541,0,io_uring,6.15.0-rc7,9000,,30000,32,1,8,16384,16384,True,True,True,False,False,False,fn01,fn03
3326080589,3.09765,3329955168,3.10126,0,io_uring,6.15.0-rc7,9000,,30000,32,1,8,65536,65536,True,True,True,False,False,False,fn01,fn03
2985971110,2.7809,2989897897,2.78456,0,io_uring,6.15.0-rc7,9000,,30000,32,2,8,16384,16384,True,True,True,False,False,False,fn01,fn03
6343101262,5.90747,6351691157,5.91547,0,io_uring,6.15.0-rc7,9000,,30000,32,2,8,65536,65536,True,True,True,False,False,False,fn01,fn03
5398205552,5.02747,5403759177,5.03264,0,io_uring,6.15.0-rc7,9000,,30000,32,4,8,16384,16384,True,True,True,False,False,False,fn01,fn03
10614401310,9.88543,10627655088,9.89778,0,io_uring,6.15.0-rc7,9000,,30000,32,4,8,65536,65536,True,True,True,False,False,False,fn01,fn03
9739435629,9.07056,9750551264,9.08091,0,io_uring,6.15.0-rc7,9000,,30000,32,8,8,16384,16384,True,True,True,False,False,False,fn01,fn03
16907156933,15.746,16927881708,15.7653,0,io_uring,6.15.0-rc7,9000,,30000,32,8,8,65536,65536,True,True,True,False,False,False,fn01,fn03
16523577544,15.3888,16540119347,15.4042,0,io_uring,6.15.0-rc7,9000,,30000,32,16,8,16384,16384,True,True,True,False,False,False,fn01,fn03
26608853747,24.7814,26642564796,24.8128,0,io_uring,6.15.0-rc7,9000,,30000,32,16,8,65536,65536,True,True,True,False,False,False,fn01,fn03
28908311599,26.923,28937180515,26.9498,0,io_uring,6.15.0-rc7,9000,,30000,32,32,8,16384,16384,True,True,True,False,False,False,fn01,fn03
49358708300,45.9689,49413223481,46.0197,0,io_uring,6.15.0-rc7,9000,,30000,32,32,8,65536,65536,True,True,True,False,False,False,fn01,fn03
28928187391,26.9415,28983677091,26.9932,0,io_uring,6.15.0-rc7,9000,,30000,32,64,8,16384,16384,True,True,True,False,False,False,fn01,fn03
49324952951,45.9374,49418824441,46.0249,0,io_uring,6.15.0-rc7,9000,,30000,32,64,8,65536,65536,True,True,True,False,False,False,fn01,fn03
1627473939,1.5157,1629603785,1.51769,0,io_uring,6.15.0-rc7,9000,,30000,32,1,8,16384,16384,True,True,True,False,True,False,fn01,fn03
3955470493,3.68382,3958525686,3.68666,0,io_uring,6.15.0-rc7,9000,,30000,32,1,8,65536,65536,True,True,True,False,True,False,fn01,fn03
3271830855,3.04713,3275314931,3.05037,0,io_uring,6.15.0-rc7,9000,,30000,32,2,8,16384,16384,True,True,True,False,True,False,fn01,fn03
7412418946,6.90335,7422191972,6.91245,0,io_uring,6.15.0-rc7,9000,,30000,32,2,8,65536,65536,True,True,True,False,True,False,fn01,fn03
6362191768,5.92525,6366111504,5.9289,0,io_uring,6.15.0-rc7,9000,,30000,32,4,8,16384,16384,True,True,True,False,True,False,fn01,fn03
14557084503,13.5573,14575994211,13.575,0,io_uring,6.15.0-rc7,9000,,30000,32,4,8,65536,65536,True,True,True,False,True,False,fn01,fn03
11755235793,10.9479,11765755429,10.9577,0,io_uring,6.15.0-rc7,9000,,30000,32,8,8,16384,16384,True,True,True,False,True,False,fn01,fn03
26161827177,24.3651,26186926467,24.3885,0,io_uring,6.15.0-rc7,9000,,30000,32,8,8,65536,65536,True,True,True,False,True,False,fn01,fn03
20552191153,19.1407,20577266440,19.1641,0,io_uring,6.15.0-rc7,9000,,30000,32,16,8,16384,16384,True,True,True,False,True,False,fn01,fn03
41251729140,38.4187,41297241449,38.4611,0,io_uring,6.15.0-rc7,9000,,30000,32,16,8,65536,65536,True,True,True,False,True,False,fn01,fn03
35547315801,33.106,35585370794,33.1415,0,io_uring,6.15.0-rc7,9000,,30000,32,32,8,16384,16384,True,True,True,False,True,False,fn01,fn03
49371020637,45.9803,49438745694,46.0434,0,io_uring,6.15.0-rc7,9000,,30000,32,32,8,65536,65536,True,True,True,False,True,False,fn01,fn03
35115117006,32.7035,35182733446,32.7665,0,io_uring,6.15.0-rc7,9000,,30000,32,64,8,16384,16384,True,True,True,False,True,False,fn01,fn03
49358254860,45.9685,49443758337,46.0481,0,io_uring,6.15.0-rc7,9000,,30000,32,64,8,65536,65536,True,True,True,False,True,False,fn01,fn03
11964920754,11.1432,11959181924,11.1379,0,io_uring,6.15.0-rc7,9000,,30000,32,4,8,131072,131072,False,False,False,False,False,False,fn01,fn03
18218963529,16.9677,18217760290,16.9666,0,io_uring,6.15.0-rc7,9000,,30000,32,8,8,131072,131072,False,False,False,False,False,False,fn01,fn03
28947924203,26.9599,28949939105,26.9617,0,io_uring,6.15.0-rc7,9000,,30000,32,16,8,131072,131072,False,False,False,False,False,False,fn01,fn03
49406396703,46.0133,49447045350,46.0511,0,io_uring,6.15.0-rc7,9000,,30000,32,32,8,131072,131072,False,False,False,False,False,False,fn01,fn03
48504128792,45.173,48558849451,45.224,0,io_uring,6.15.0-rc7,9000,,30000,32,64,8,131072,131072,False,False,False,False,False,False,fn01,fn03
3507423739,3.26654,3620861492,3.37219,0,epoll_libaio,6.15.0-rc7,9000,,30000,32,1,8,131072,131072,False,False,False,False,False,False,fn01,fn03
6751140904,6.28749,6972382485,6.49354,0,epoll_libaio,6.15.0-rc7,9000,,30000,32,2,8,131072,131072,False,False,False,False,False,False,fn01,fn03
11116615078,10.3532,11484518376,10.6958,0,epoll_libaio,6.15.0-rc7,9000,,30000,32,4,8,131072,131072,False,False,False,False,False,False,fn01,fn03
17260798374,16.0754,17844713748,16.6192,0,epoll_libaio,6.15.0-rc7,9000,,30000,32,8,8,131072,131072,False,False,False,False,False,False,fn01,fn03
27408223895,25.5259,28346038645,26.3993,0,epoll_libaio,6.15.0-rc7,9000,,30000,32,16,8,131072,131072,False,False,False,False,False,False,fn01,fn03
47772507591,44.4916,49438587507,46.0433,0,epoll_libaio,6.15.0-rc7,9000,,30000,32,32,8,131072,131072,False,False,False,False,False,False,fn01,fn03
47514876842,44.2517,49258667600,45.8757,0,epoll_libaio,6.15.0-rc7,9000,,30000,32,64,8,131072,131072,False,False,False,False,False,False,fn01,fn03
4339955070,4.0419,4345534675,4.04709,0,io_uring,6.15.0-rc7,9000,,30000,32,1,8,131072,131072,True,True,True,False,False,False,fn01,fn03
5505529883,5.12742,5511614931,5.13309,0,io_uring,6.15.0-rc7,9000,,30000,32,1,8,524288,524288,True,True,True,False,False,False,fn01,fn03
8216315767,7.65204,8222785177,7.65807,0,io_uring,6.15.0-rc7,9000,,30000,32,2,8,131072,131072,True,True,True,False,False,False,fn01,fn03
10213698547,9.51225,10225526953,9.52326,0,io_uring,6.15.0-rc7,9000,,30000,32,2,8,524288,524288,True,True,True,False,False,False,fn01,fn03
12996972121,12.1044,13004224144,12.1111,0,io_uring,6.15.0-rc7,9000,,30000,32,4,8,131072,131072,True,True,True,False,False,False,fn01,fn03
14991895376,13.9623,15004420471,13.974,0,io_uring,6.15.0-rc7,9000,,30000,32,4,8,524288,524288,True,True,True,False,False,False,fn01,fn03
19038691167,17.7312,19054478892,17.7459,0,io_uring,6.15.0-rc7,9000,,30000,32,8,8,131072,131072,True,True,True,False,False,False,fn01,fn03
21044167351,19.5989,21060889429,19.6145,0,io_uring,6.15.0-rc7,9000,,30000,32,8,8,524288,524288,True,True,True,False,False,False,fn01,fn03
30066625038,28.0017,30087846533,28.0215,0,io_uring,6.15.0-rc7,9000,,30000,32,16,8,131072,131072,True,True,True,False,False,False,fn01,fn03
33646970266,31.3362,33693477771,31.3795,0,io_uring,6.15.0-rc7,9000,,30000,32,16,8,524288,524288,True,True,True,False,False,False,fn01,fn03
49353643050,45.9642,49432579405,46.0377,0,io_uring,6.15.0-rc7,9000,,30000,32,32,8,131072,131072,True,True,True,False,False,False,fn01,fn03
49346375559,45.9574,49443721685,46.0481,0,io_uring,6.15.0-rc7,9000,,30000,32,32,8,524288,524288,True,True,True,False,False,False,fn01,fn03
43182725490,40.217,43266539934,40.2951,0,io_uring,6.15.0-rc7,9000,,30000,32,64,8,131072,131072,True,True,True,False,False,False,fn01,fn03
49265480717,45.8821,49429780560,46.0351,0,io_uring,6.15.0-rc7,9000,,30000,32,64,8,524288,524288,True,True,True,False,False,False,fn01,fn03
5053140339,4.7061,5060080361,4.71257,0,io_uring,6.15.0-rc7,9000,,30000,32,1,8,131072,131072,True,True,True,False,True,False,fn01,fn03
6303893261,5.87096,6310735220,5.87733,0,io_uring,6.15.0-rc7,9000,,30000,32,1,8,524288,524288,True,True,True,False,True,False,fn01,fn03
9887465038,9.20842,9900606319,9.22066,0,io_uring,6.15.0-rc7,9000,,30000,32,2,8,131072,131072,True,True,True,False,True,False,fn01,fn03
11393334769,10.6109,11401125156,10.6181,0,io_uring,6.15.0-rc7,9000,,30000,32,2,8,524288,524288,True,True,True,False,True,False,fn01,fn03
18091040013,16.8486,18116545486,16.8723,0,io_uring,6.15.0-rc7,9000,,30000,32,4,8,131072,131072,True,True,True,False,True,False,fn01,fn03
21787011377,20.2907,21813726482,20.3156,0,io_uring,6.15.0-rc7,9000,,30000,32,4,8,524288,524288,True,True,True,False,True,False,fn01,fn03
31696956223,29.5201,31742068237,29.5621,0,io_uring,6.15.0-rc7,9000,,30000,32,8,8,131072,131072,True,True,True,False,True,False,fn01,fn03
35549223646,33.1078,35580502440,33.1369,0,io_uring,6.15.0-rc7,9000,,30000,32,8,8,524288,524288,True,True,True,False,True,False,fn01,fn03
49401920778,46.0091,49464299692,46.0672,0,io_uring,6.15.0-rc7,9000,,30000,32,16,8,131072,131072,True,True,True,False,True,False,fn01,fn03
49391999530,45.9999,49468546322,46.0712,0,io_uring,6.15.0-rc7,9000,,30000,32,16,8,524288,524288,True,True,True,False,True,False,fn01,fn03
49355109423,45.9655,49462572744,46.0656,0,io_uring,6.15.0-rc7,9000,,30000,32,32,8,131072,131072,True,True,True,False,True,False,fn01,fn03
49341735601,45.9531,49466631285,46.0694,0,io_uring,6.15.0-rc7,9000,,30000,32,32,8,524288,524288,True,True,True,False,True,False,fn01,fn03
49373358761,45.9825,49484759449,46.0863,0,io_uring,6.15.0-rc7,9000,,30000,32,64,8,131072,131072,True,True,True,False,True,False,fn01,fn03
49226588459,45.8458,49418760689,46.0248,0,io_uring,6.15.0-rc7,9000,,30000,32,64,8,524288,524288,True,True,True,False,True,False,fn01,fn03
457993735,0.42654,458000203,0.426546,0,io_uring,6.15.0-rc7,9100,,30000,32,1,8,4096,4096,False,False,False,False,False,False,fn01,fn03
1437648744,1.33891,1437666776,1.33893,0,io_uring,6.15.0-rc7,9100,,30000,32,1,8,16384,16384,False,False,False,False,False,False,fn01,fn03
3064805126,2.85432,3064844039,2.85436,0,io_uring,6.15.0-rc7,9100,,30000,32,1,8,65536,65536,False,False,False,False,False,False,fn01,fn03
