run,group,ssd_id,ops,idle_ms,interval_ms,do_nops,avg,min,p50,p90,p95,p99,max,latency,kernel,mitigations,node
0,50_25,1,100,50,25,True,5641.10,1130,1790,16100,18340,42670,42670,42670|1410|1610|1590|15360|8370|1550|1540|1330|1130|2180|1300|14920|1310|1900|2050|16270|1370|1740|13620|1580|1890|1690|1840|1790|3900|1680|1280|1730|16500|1750|2000|1830|17490|1290|1980|2590|1640|1470|1910|1320|1900|1750|1720|1830|1610|27500|1380|1410|15310|1750|1760|1700|18340|1310|2230|13230|2050|1640|1660|13490|1940|1670|16670|1630|14820|12530|1850|1350|2820|16060|1770|1560|16100|1650|1500|19550|1740|12360|1810|1950|2990|1460|13430|1660|14980|2010|14770|1400|1640|16040|1360|20740|1580|1780|1690|14140|1580|1330|2260,6.15.0-rc7,True,fn01
1,50_25,1,100,50,25,True,5265.90,1130,2020,16120,17100,34390,34390,34390|1370|1280|2360|1560|1590|2530|17700|1250|2220|2120|17270|2210|2020|3410|1420|2570|1710|1940|16880|2220|10530|1480|2120|3710|1800|1830|16260|1930|1350|2200|14810|1350|15320|11840|1460|2220|20960|1470|12280|2430|2330|1470|17100|1780|1320|2010|14160|1720|1520|1970|16300|1910|15870|2540|1150|10800|1980|3180|1130|16120|1360|2110|14140|1700|1700|3390|1600|1880|1560|2130|2660|2340|15270|1340|1590|14630|1480|3360|1780|1670|16270|1600|12970|1830|1160|2210|1760|12880|1930|1960|14500|1390|2320|3310|1580|1960|1800|1840|1900,6.15.0-rc7,True,fn01
2,50_25,1,100,50,25,True,5331.50,1090,1930,16310,17220,34120,34120,34120|1450|1930|1870|1440|1530|2230|1720|1520|1550|14300|1460|1650|14230|11340|2310|1810|24960|1790|1830|1680|1840|1380|16600|1830|2130|2350|1090|1350|2000|1180|1530|1220|2150|20970|1300|2110|3190|12280|1980|1990|2220|17500|2220|16310|1330|1300|2580|13210|1800|1120|2100|2010|1720|1790|1420|16450|1970|11320|1690|2340|1360|2270|15970|11880|1640|1670|1520|16640|1780|1590|1340|2010|2660|17220|1930|1630|1850|9870|1800|2020|17050|1370|14320|13210|1340|1400|1770|13100|1310|15200|8270|1940|1480|2290|10580|1560|15540|1710|1470,6.15.0-rc7,True,fn01
3,50_25,1,100,50,25,True,3722.70,1190,1710,14870,16470,32570,32570,32570|1430|1600|1600|1350|1960|1290|1880|1720|17180|1310|1530|1710|1320|1810|1580|2580|1680|1650|2330|1560|1410|1720|2280|1870|1620|2510|1630|1670|1430|2000|1400|1520|14870|1700|1820|2040|1930|1550|16470|12310|1610|1580|16060|1360|1600|2100|1340|1580|1890|2140|1580|1660|13830|1520|1720|2260|1400|1470|1830|1850|1880|1580|16820|2220|1770|1850|1310|1220|1420|14840|2230|1640|15820|2820|1710|14940|1440|1570|1940|1900|3430|1280|16190|1400|1630|1310|2210|3430|1530|1840|1450|1490|2650|1190|1600|1840|17520|1900|1690,6.15.0-rc7,True,fn01
4,50_25,1,100,50,25,True,5198.40,1220,2040,15210,16100,22630,22630,22630|1410|12260|2240|13840|1290|15110|8340|1960|14940|1460|2040|16250|1810|1810|1240|16790|1510|1220|14890|2880|1690|2310|1550|16670|1220|2200|3280|1730|16100|2780|2280|1740|1480|3280|1260|15120|2880|1780|14790|1720|13380|1770|1420|2200|2020|2130|15810|1590|1300|2040|11090|1900|1760|12580|1470|15460|11030|1800|15210|1840|1810|1900|15630|2060|1410|2620|3160|1350|1290|2160|1940|1840|2410|1760|1280|2050|1570|2050|1670|15240|1250|2040|2430|10510|1810|14410|1990|2900|2050|1910|1960|1430|2150|9610|1850|13270|10570|1480|1440,6.15.0-rc7,True,fn01
0,50_25,1,100,25,50,True,31231.40,26670,31050,34630,35710,45310,45310,38770|35060|34630|31260|34030|30750|34870|29900|30560|36340|29380|31830|31160|28730|35710|31050|30580|31740|30890|32080|31580|31200|30240|30940|32730|28460|30990|28920|32240|30830|31450|30920|31040|31070|32290|29390|31360|27190|31550|32230|29190|28550|31220|30260|32790|30350|35060|31190|34640|32540|29750|31590|29110|31310|32190|29810|36150|29790|32410|30140|28600|31590|28320|30910|32790|45310|33620|29000|29670|29010|27240|30230|26680|29260|27530|31270|31560|30210|28710|30010|31630|29330|29500|30490|29990|30870|32610|26670|32960|31970|31980|29500|31370|32350|29420|30300|32630|31190|33300|29580,6.15.0-rc7,True,fn01
1,50_25,1,100,25,50,True,30901.30,25790,30780,33160,35400,37400,37400,37400|34360|31720|31630|30780|31110|31140|27090|27370|30870|30000|28800|28830|31780|32010|28970|37170|28460|32830|36580|29340|35640|32080|31360|32990|31040|33990|32150|29620|30100|30960|31960|28780|31780|29440|32790|30060|28800|31120|30420|32720|32450|29090|30140|30760|30250|31110|29540|30100|25790|32450|31600|30430|31470|27910|33430|32400|27420|31640|29510|31500|29240|30140|31280|30360|31120|32000|28450|32730|29510|31640|30300|29120|32440|30500|32170|33160|30720|32630|28870|28520|32610|30730|35400|29780|30220|28470|30820|30530|27770|27990|30400|32730|30360|28500|29960|30210|33390|30780|29550,6.15.0-rc7,True,fn01
2,50_25,1,100,25,50,True,31561.20,25800,31480,35060,36120,37630,37630,36520|37630|29960|32890|33820|33460|33390|29250|31800|33040|28930|35440|29200|33310|32210|28610|34520|28750|30540|28530|33570|32670|29480|30880|32910|31060|31920|25800|35070|30810|31240|32070|29800|31600|31370|31290|35060|30540|33090|30460|31560|33650|29840|32420|28580|30550|31330|29130|35640|32140|31800|28940|28350|35340|31470|29190|28620|30260|33140|30230|34400|31100|31830|31720|29350|33820|31150|31080|32040|27790|29830|32500|31110|30850|27980|34860|33240|27980|31930|29700|36390|29100|31590|33110|29440|36120|32800|31540|31520|31480|36330|31500|27710|31450|30850|32690|30890|31820|30460|30400,6.15.0-rc7,True,fn01
3,50_25,1,100,25,50,True,37471.10,25920,31290,34190,35990,666110,666110,38840|30900|28810|31390|28410|31740|32020|28780|33170|28670|31390|35580|26820|30590|25920|34190|33730|32130|30080|28820|35750|33490|27500|35990|31490|31370|32780|30020|32890|31290|35640|28870|666110|33220|29660|30550|28610|30960|32830|27320|32010|30050|32640|31690|29550|31130|29750|28360|31190|28570|29630|28920|33730|32610|28720|31840|28730|33590|33360|28810|36030|31810|31720|31310|27580|36000|29480|31480|30600|29600|32820|29120|29700|28590|32020|31800|28100|31310|32330|30850|33150|30680|34840|31780|33040|33350|29200|29150|32300|30540|31120|29680|31940|27490|27710|34030|31140|29300|29740|31480,6.15.0-rc7,True,fn01
4,50_25,1,100,25,50,True,31383.20,26880,31390,34510,36350,40790,40790,40790|33240|33210|36830|32060|35760|31310|31780|37810|27440|34640|29280|31480|28980|29530|31430|28770|28370|32730|29100|32090|32410|31410|31690|28640|30910|31020|33450|33600|29740|33590|29350|31730|30700|27810|36660|29900|36350|31610|30330|34510|29210|30300|28440|27830|32820|29380|30850|31610|32430|32840|28630|32080|28830|33990|31090|28740|31500|32230|29890|33680|31030|31610|29110|29990|31390|30900|28390|31790|31450|31300|28190|32060|29420|33010|30410|27790|33040|29470|30660|31190|30820|33760|29000|32100|29460|30930|33530|29060|33760|32450|32360|32510|29270|35820|29380|26880|33450|28620|34550,6.15.0-rc7,True,fn01
0,100_50,1,100,100,50,True,4886.50,1530,2450,16160,16980,37080,37080,37080|4590|17280|2680|11230|2460|2450|15980|1810|16340|1890|2630|2360|2520|2380|15800|1920|2420|2680|16820|2430|2610|2700|2160|2610|2440|1620|2720|2580|2540|2540|2020|2340|2270|2400|2320|1950|1910|2140|15410|2510|16980|2260|2420|2550|1950|2450|2420|2060|2410|2180|1950|2510|1820|1940|2840|15840|2300|1750|15320|2320|2840|2290|2280|2950|2310|16510|2130|2150|2010|2850|2190|17360|2130|1750|2040|2810|2220|4120|2640|2850|16160|2010|2260|2420|2560|2590|13030|1800|2490|1530|2880|2500|2460|16890|2040|2870|2480|2330|17110,6.15.0-rc7,True,fn01
1,100_50,1,100,100,50,True,3929.60,1600,2420,11740,16430,37070,37070,37070|2080|2330|1920|1810|1920|2590|2830|2470|15970|2330|15900|2360|2440|1760|1640|2700|1880|2480|2420|2600|2640|2020|2440|1870|1870|17680|2430|2450|2170|2440|4110|2130|2110|2150|2320|3880|2440|1790|2900|2980|2610|2130|2690|2470|1950|2460|2570|2570|2700|2080|2360|2370|16040|2670|1680|3080|2050|14730|2340|16580|2000|11740|2650|2000|1950|1890|2370|2820|2100|2320|1850|2420|2400|2300|2310|3400|2580|2670|2130|2570|1940|2210|2350|2370|2480|2870|1600|2770|2110|2690|2060|2550|16430|2300|2750|2500|2240|17490|2330,6.15.0-rc7,True,fn01
2,100_50,1,100,100,50,True,4564.70,1680,2560,15220,17120,38260,38260,38260|3060|2760|2420|2510|2480|1870|2700|2420|2360|2030|2090|2240|2600|2510|16270|2510|2860|17120|2140|2340|2710|2350|2230|15220|2140|2500|3010|2370|3100|2300|2760|2440|17090|3750|1680|2730|3500|18500|2490|1840|2130|15250|2340|2020|2400|2850|17140|1870|1770|2180|3330|14570|1990|1880|2580|2940|11810|1960|2890|2560|1960|2470|2860|13390|1970|2930|3840|2900|3040|2480|2560|2420|2830|3630|2460|4520|2350|2700|2590|18280|2370|2180|2700|2470|2870|2200|2100|2840|2640|2160|1900|10100|1900|2370|2760|2570|2620|3280|15540,6.15.0-rc7,True,fn01
3,100_50,1,100,100,50,True,5619.40,1580,2510,16850,17300,28920,28920,28920|2260|2290|14760|2170|3080|2480|15180|2140|2750|17210|2230|15900|2180|1900|2590|16810|1760|2750|2310|16990|2440|1870|1900|2040|3070|2440|1710|2300|1890|17280|2240|2560|2460|2490|4630|2540|17300|2290|2750|13370|1900|2510|2490|12070|1850|2630|16850|1810|3340|2220|2700|11970|2040|2530|2190|2510|16600|1780|2620|2840|2700|2810|2130|4270|1880|2270|16670|2210|2060|2610|1950|2740|2030|2350|1900|2510|12150|2210|19180|2580|2220|19240|2210|17340|2220|2090|15890|2030|17160|1950|2210|14890|1760|2600|1580|16100|2670|2520|2370,6.15.0-rc7,True,fn01
4,100_50,1,100,100,50,True,5449.70,1530,2400,16630,17800,37730,37730,37730|2420|2400|2170|2610|1870|19770|2040|2900|2540|2510|1610|17410|2110|10660|2430|1830|2390|17560|3740|2170|1790|2560|13390|2150|2130|16630|2050|3000|17380|2070|1830|16070|2300|2480|2050|16410|1860|16410|2310|1810|16430|1960|2400|2470|1640|2750|1610|2700|2760|2550|2340|2040|1890|13040|2110|2370|17800|1900|2920|12960|1920|2460|1860|2440|2960|16550|1870|2390|15610|1850|22650|2160|2270|2320|2620|2530|2530|18130|1800|2950|2400|2250|17740|1970|1900|2250|2080|2750|1750|1890|2660|3300|2010|1980|16150|2060|1530|1760|2480,6.15.0-rc7,True,fn01
0,100_50,1,100,50,100,True,35773.10,29970,35900,38900,39620,44810,44810,39870|37330|33250|39600|38500|35120|36690|36460|40690|37560|36100|35550|30830|37260|32730|31390|35600|33580|36610|37050|37140|33040|36560|33770|36950|33010|35540|31200|34460|39380|37040|34720|36420|36030|41680|36210|35430|35510|34720|44810|37690|36260|33610|34660|35420|38900|33860|35050|32960|36100|35130|37760|29970|33980|32380|35350|38970|36980|37110|35850|37550|37560|35150|35330|37300|35160|38680|37310|35140|34460|36360|35940|36910|32360|35900|34190|36140|32680|36820|31360|33670|32930|37420|34000|34740|36470|36440|39140|36910|31960|35410|36200|38110|36970|31740|35670|33770|39620|34630|35830,6.15.0-rc7,True,fn01
0,50_25,1,100,25,50,False,117904.60,93790,119350,126690,127490,527710,527710,527710|127370|120810|102750|127090|121560|124420|93790|102130|122270|95300|121890|96110|125750|121840|102810|123010|118410|126690|97670|116510|99840|119840|125210|119230|118230|123900|120980|101810|121660|122190|102060|101130|128010|97490|122500|100600|93960|104780|119770|99360|102110|96880|127250|123810|120050|102970|117340|127690|95740|127360|103290|118030|99140|118860|125450|126040|117380|107270|96260|102630|97020|121850|99390|119350|122970|122890|99850|99070|119300|98660|121820|120680|121550|118850|102870|121580|120070|120910|120570|101380|120300|117170|124270|119040|129370|120410|95810|97740|97840|123160|96930|122010|127490|122660|125480|122360|98210|126500|119090,6.15.0-rc7,True,fn01
1,50_25,1,100,25,50,False,98267.40,65330,99720,124420,125810,127870,127870,112100|119310|71950|94890|126830|118690|118910|75020|72150|70760|67010|120740|105240|67790|67950|66670|123560|123970|116980|79440|118450|99850|124270|118910|121970|68540|125090|69550|94690|121870|119940|101260|99720|66580|99270|68020|104890|98150|93770|124140|67390|100450|98060|113600|73100|118760|102940|117740|119340|101510|71080|73320|68500|95700|125220|120580|127870|122010|68820|76340|99230|100860|121250|96840|74280|119040|122660|69050|95800|127330|96490|67350|118820|125380|125820|65330|73130|118880|73510|76220|97880|124420|67390|125220|123000|120050|74980|98940|76080|69930|122930|99370|68020|69710|68270|119420|71580|93870|125810|121380,6.15.0-rc7,True,fn01
2,50_25,1,100,25,50,False,93092.40,62180,97040,125670,127300,129960,129960,81010|122140|66310|101920|118820|125740|120620|75540|98820|66480|101330|66130|98770|74360|119370|70640|122760|72590|81170|66000|122580|97050|126050|70650|68390|70030|120210|73060|70110|117260|70890|97040|74010|66530|97230|74660|69920|73470|100690|62180|72820|94830|76300|120680|65960|72140|96770|127690|121680|97860|75910|69150|75230|97930|117330|126150|70380|124190|67410|69070|102280|97320|122430|100440|73490|124510|65840|73010|99990|125670|101630|67510|128060|67530|126860|69740|69970|127590|66570|71020|100040|120400|123450|119030|127300|68410|122510|65660|70010|103000|119340|98270|129960|66680|76500|122650|67720|71670|120590|122580,6.15.0-rc7,True,fn01
3,50_25,1,100,25,50,False,93780.50,62570,97240,124880,127330,129340,129340,113350|127330|69970|97240|128690|121780|124880|71830|66910|73340|66810|122280|97770|69500|73090|65330|73000|121930|67440|73460|118340|99230|118320|121380|73710|65050|122670|63990|69070|129340|71670|98930|95220|75310|100070|68840|70310|69110|104840|68880|66030|101500|74040|125130|69470|65900|101750|120590|122120|98460|62570|71620|64150|108240|124560|121080|74580|119200|73720|66460|101710|104050|119860|107150|66860|119770|77680|66710|100070|121080|100740|76530|121160|74200|122690|71290|73560|116510|72910|66290|102540|125130|122230|127130|122480|73750|123190|66880|75100|95480|127500|96640|124680|77540|66300|128290|68550|68090|125540|118810,6.15.0-rc7,True,fn01
4,50_25,1,100,25,50,False,91988.20,63460,76030,125070,127120,130440,130440,109900|119220|74330|98410|121020|119470|119940|72720|74400|63460|73620|118500|102390|65330|68950|72260|67720|124330|69430|68370|128000|98590|124900|120220|66700|74720|119410|72430|65580|125910|76030|94410|101750|69290|99550|73280|64540|70720|92890|72930|70160|94330|67260|123620|74770|71330|98500|123320|122500|104480|68880|65320|73220|102890|126940|121270|66000|127860|66410|71070|68710|94820|126590|65200|72220|124810|69940|68750|67330|72070|98980|67980|127120|66270|125070|71420|67920|126840|67620|69960|96240|122530|127310|117690|121390|67650|130440|74870|64390|103740|119810|102710|123480|67640|72910|121150|73870|70630|121680|123320,6.15.0-rc7,True,fn01
0,100_50,1,100,50,100,False,108707.60,78160,110160,136360,137230,142130,142130,116990|132160|80650|115500|138100|130190|134020|78270|84300|84530|81450|135260|115310|81040|83700|86710|81340|133260|82940|83530|130640|107920|139240|134460|81920|83240|131400|79530|79070|137200|79430|109670|104800|81610|106000|81720|81710|82860|109340|82590|83600|112280|86590|130650|81780|82780|110290|134690|133960|107900|85310|81610|86310|108270|133700|136790|129180|131590|80160|106340|112490|105390|137230|111390|81970|133760|136950|112520|110160|142130|108870|84060|83050|134690|134240|111390|136360|136250|133840|135580|107740|138730|80120|136750|132000|135210|78160|112490|104970|82870|134710|112000|84580|134570|82400|135630|84320|114140|136160|133510,6.15.0-rc7,True,fn01
1,100_50,1,100,50,100,True,35721.10,29690,35780,38570,39320,44590,44590,44590|33670|38240|38450|38750|37560|38840|35580|33730|34000|34890|37970|38880|32100|36700|34280|38550|32620|35900|32060|34460|32170|33240|30970|34980|36020|36620|38160|35790|33490|34900|35570|38150|36890|36160|35720|34860|40110|35880|37130|33570|36550|36220|36450|33070|36310|29690|36300|30450|37180|34470|33950|35650|36600|37860|36240|36110|34970|37260|36730|35130|34820|36460|35810|38020|35360|35780|32600|43110|35360|34070|31060|37370|33670|38680|30590|35960|34670|36330|39320|37020|34480|34320|34750|38570|37750|39630|34960|32880|35560|36390|36880|35780|35720|34450|38400|35450|33650|32090|34950,6.15.0-rc7,True,fn01
1,100_50,1,100,50,100,False,119469.40,73510,116610,136970,137580,558370,558370,558370|132790|135720|115070|134080|137000|145830|85130|109770|132680|106810|132060|109730|82730|128370|88070|129180|135900|134350|73510|132100|111930|137190|134230|133730|137330|131620|79960|112170|133270|132600|114110|113430|133150|110530|79020|112230|108330|114670|129790|87170|107030|110600|130480|83440|135380|110530|132770|136670|119310|81420|81190|78760|113670|135420|135960|79020|135570|85340|113120|112720|111050|131850|114190|83430|133720|77730|116610|104810|137110|105310|83280|131750|82690|136970|111850|134390|133890|135680|134980|108440|135390|134070|133930|139600|83550|134230|80150|81940|107710|137580|108140|137650|76400|83260|132180|81230|78680|132710|134700,6.15.0-rc7,True,fn01
2,100_50,1,100,50,100,True,35754.80,30200,35970,38250,39150,42400,42400,42400|37840|35220|31070|38800|38250|36160|35320|33120|36010|36360|40010|31960|36580|34400|36730|36160|33720|34490|37820|37320|36300|32070|36600|31850|37760|31200|36520|30200|33160|35840|32550|36350|35670|36410|36620|38170|35970|35050|36940|39150|36460|34060|35140|35850|33640|37880|33510|37420|32130|35480|34990|36750|31930|35600|30550|36450|37160|37730|35960|36570|36690|36610|35850|33570|35260|34670|36120|36110|35110|33430|35370|37520|38030|34040|36070|33090|34860|34270|39770|30580|38280|37380|38790|40760|35800|35660|35230|39110|37340|34810|38050|34720|35860|37610|36600|35650|35080|35640|36710,6.15.0-rc7,True,fn01
2,100_50,1,100,50,100,False,114147.30,73810,112000,136850,137410,572870,572870,572870|133170|89920|113900|136850|137300|135280|82710|110910|79000|112000|134300|113410|78790|135230|79200|139230|130980|134520|77260|138560|109200|136270|128580|135580|82040|135500|80650|111150|132520|131130|109790|114020|82360|109990|82070|110450|114760|110170|134130|80260|111590|112530|135330|79790|134160|107130|137410|128940|110410|73810|82610|84000|114120|135300|135290|135200|137080|84930|83870|81180|109340|134190|83570|88830|132780|134320|79390|84160|81640|110180|75930|80870|135630|136900|76170|81200|129780|83850|79660|114690|133040|83720|136110|143950|136570|81570|112030|81630|80670|135530|110020|78910|85360|83690|136800|79440|112610|132100|137210,6.15.0-rc7,True,fn01
3,100_50,1,100,50,100,True,35807.30,30960,36130,38260,38770,41420,41420,39290|34140|32760|37300|35230|38370|30960|39100|31060|37660|37100|35260|36300|36620|38420|38080|36310|33870|36800|37200|37240|36070|35380|34100|36130|35360|35380|31610|35040|32310|34730|33670|36550|32030|36530|32140|37730|34630|36550|36050|36830|36840|36310|35470|34770|37390|36870|35570|33770|33570|37370|37610|36230|35480|32540|38230|36450|38280|32000|36130|33120|35690|41420|36680|35490|35010|38020|36910|36920|34450|35140|35090|38770|35890|36510|34270|35250|37940|38530|33890|36820|32410|38860|33650|36680|31610|33570|34410|38260|36650|37380|35320|36100|37770|36850|34880|34880|35030|38000|37840,6.15.0-rc7,True,fn01
3,100_50,1,100,50,100,False,127448.90,82360,130920,136220,136790,577350,577350,577350|131850|82970|107430|134810|135010|131570|112130|110680|86510|113520|133670|109820|135900|131750|114850|136940|131800|131360|111350|135080|112360|131910|135640|129750|88480|129740|133240|105370|132840|129260|114810|114350|82710|110960|136090|113340|114950|109200|132370|112260|112670|114320|131540|136310|130910|114590|134180|134010|107320|130130|112140|125430|108490|132760|128840|136220|127940|118670|82360|111380|110810|138570|114160|133960|135960|134220|85920|110080|134210|109390|134010|134980|136410|133300|110980|130920|136790|133530|137690|106500|134560|129500|136640|131550|135270|135100|110400|116230|111840|135630|111740|135000|136340|136200|135510|136130|109070|135900|133700,6.15.0-rc7,True,fn01
4,100_50,1,100,50,100,True,35928.00,29560,36080,38850,40040,45550,45550,45550|36050|40810|35830|38210|36080|33680|35620|31210|35840|30380|34000|36810|32530|36740|29560|36980|38960|39080|38120|36200|37050|37510|43180|35840|35760|33340|35570|35740|35570|35290|40010|33910|36120|36920|35250|32090|36460|33640|38670|32630|38850|31590|37480|38170|35020|35890|34240|34700|37400|38300|40400|35840|35050|31150|36890|36080|33130|34770|34320|38550|34220|36970|32810|36220|35290|37560|30460|32450|35840|36960|37850|36850|36690|37290|37380|37830|36810|39710|36860|35610|40040|36630|35240|35070|33280|36750|37410|32810|37210|33130|38490|32170|36090|30810|34610|36340|38070|35990|34390,6.15.0-rc7,True,fn01
4,100_50,1,100,50,100,False,122305.70,76360,115810,136470,138330,716480,716480,716480|130310|132600|114560|133170|137420|128140|115810|106440|137640|112130|136470|113500|132990|84900|109570|87050|132400|81260|114870|127510|114610|135240|134170|86670|130460|135530|130510|79050|133410|83630|109420|112420|135500|112350|130370|82570|82910|111910|81510|113330|111790|85750|133010|134830|83860|112300|134430|133410|111850|138840|109920|133550|110760|129500|136350|77120|133270|106230|115810|107730|112680|130930|112170|135190|134430|82840|110010|110160|137310|109180|135120|134340|81760|136210|110890|141810|134520|137780|133170|108870|130060|83540|131800|139770|78330|80680|78390|111960|76360|135150|112590|84620|138330|135690|136240|133680|82930|133810|136170,6.15.0-rc7,True,fn01
0,200_100,1,100,200,100,True,3270.70,2220,2700,3240,3390,40850,40850,40850|3260|2860|3410|3020|2860|2820|2350|2270|3030|2370|2500|2640|3390|2920|2950|2950|3220|2610|3180|2390|3190|2570|3110|2310|2830|2490|2810|2420|2910|3030|2330|17510|2590|2700|2760|2420|2430|2360|3240|2510|2750|3160|2480|4890|2370|3220|2930|2340|2390|2470|2530|2540|2370|2820|3240|2460|2670|2370|3370|2550|2570|2340|2720|2720|2350|2340|3300|2610|3140|2410|2670|2220|2880|2990|2830|2560|2650|3030|2530|2600|2910|2390|2520|3010|2680|2640|3260|3080|2230|2710|2280|2870|2500|2820|3060|2340|2850|2790|2380,6.15.0-rc7,True,fn01
1,200_100,1,100,200,100,True,3954.90,1930,2950,3510,15770,43160,43160,43160|2950|2670|11290|2510|2660|3180|2470|2960|2640|2280|3210|1930|3020|2740|3270|16950|3350|3530|2580|2900|3200|3440|16670|3130|2840|2920|2830|2590|2660|2540|2840|3050|3000|3120|2670|3360|3410|3330|2960|2610|2450|2710|2280|2600|3250|3420|2600|2980|2630|2780|2070|3160|2920|3690|2550|2340|2640|3510|3500|3200|2450|3330|2620|2490|2930|2580|2320|2820|3220|2640|3260|3020|3290|3230|3360|2780|2870|15770|2240|3380|2700|2360|3220|2550|3120|3260|2290|3060|2860|3740|3220|2640|3290|18980|3050|2580|3310|2900|3060,6.15.0-rc7,True,fn01
2,200_100,1,100,200,100,True,3563.80,2190,2820,3290,3850,43630,43630,43630|3190|3290|2540|3330|3170|2430|2380|3270|2780|2880|2380|2870|3040|3810|2450|2460|3020|2510|3280|2470|17060|2720|2880|2380|2480|2810|2580|2390|2820|2750|2950|2910|3210|3120|2800|3330|3380|2470|3170|2780|17300|2700|3100|2780|2910|2790|2690|2500|2820|2460|3100|2890|2470|2800|2940|2690|3210|2500|2590|3100|2860|3130|2790|3200|2660|2820|3140|2680|3020|2920|3850|3060|3180|2750|2950|2480|2870|2940|2850|2580|2360|2650|2750|2930|2750|2410|2450|3270|5640|2190|2980|2760|2700|2630|2770|2820|2810|3070|3200,6.15.0-rc7,True,fn01
3,200_100,1,100,200,100,True,3814.20,2080,2870,3490,16240,41140,41140,41140|2970|2960|3010|3000|2800|2750|2560|2870|3130|2980|3120|2340|3090|2500|2550|3010|2940|2170|2420|3620|2730|2770|2360|2340|2790|2330|2600|3340|2800|3050|3050|2210|2300|3020|2430|2880|2540|3730|3040|2370|3390|3200|3320|2580|2970|4160|2330|3150|2970|2840|3240|2930|3270|2620|3050|2160|2120|3220|17080|3070|2080|16240|2940|2490|3070|3040|2470|3170|2620|3490|3020|2490|2210|3390|2320|2680|2750|2620|2190|2960|16860|2520|2580|2700|2840|2910|3310|2440|2700|2950|3500|3000|23860|2510|2710|2440|2630|2330|2110,6.15.0-rc7,True,fn01
4,200_100,1,100,200,100,True,3442.20,2130,2850,3490,3710,43130,43130,43130|2710|2570|2720|3450|2530|3170|2710|2610|2590|2660|3850|2770|3480|3160|3360|3210|2440|2730|4820|3710|3390|3540|3180|2190|2440|2470|2470|2320|2190|2390|3040|3440|3170|3050|2810|3450|2650|2790|3430|2470|3310|2640|2320|2590|2850|2550|2560|3190|2440|3010|2950|2760|3120|3520|3000|3220|2630|2460|2130|2510|3210|2860|3420|3190|3000|2360|2940|2420|2850|3160|2670|2640|3270|3590|3490|3700|2570|2540|2470|17340|2250|3200|2990|2570|2640|2440|2180|2780|2530|3030|2490|3140|3210|2990|3280|3200|3340|2370|2880,6.15.0-rc7,True,fn01
0,200_100,1,100,100,200,True,36909.60,31150,37040,39360,40660,44650,44650,44330|38420|37360|38150|37780|36610|36400|37760|37820|39870|37650|39330|36060|42240|37910|36850|34370|36100|34670|36120|35300|31600|33790|31710|39450|38240|38270|39240|37560|36650|37540|37160|37120|44650|34910|40560|37870|38470|37040|36080|36870|37190|35450|39250|31590|34940|35940|33260|35220|31150|37240|37820|34730|42010|37790|36760|36770|35810|38280|38090|38120|36730|34610|35370|37660|38400|37940|37880|37500|36300|36160|35960|35090|33350|34320|34700|37190|39360|37610|36440|36540|36600|37200|38150|34930|35870|38300|40660|37920|36570|38960|35330|34330|40010|37110|35910|36740|34860|34920|34190,6.15.0-rc7,True,fn01
0,200_100,1,100,100,200,False,129716.60,99690,132810,137240,139000,510100,510100,510100|138140|136650|112890|139940|136110|135640|116920|113250|135850|112630|134550|108320|133840|133270|108900|134050|132300|132810|110420|129760|107080|129240|136220|136780|134210|133680|135440|112320|133940|140660|114380|114950|134830|112860|136590|111960|113100|105430|134740|114340|112030|110530|130470|134880|134880|108800|130940|130830|111090|133250|109520|137260|115450|138010|136790|133860|134380|110910|114360|112920|111270|134710|112210|135950|135400|133370|112440|107120|134110|108830|132030|134150|131010|132660|99690|130800|139000|137240|138470|112940|133650|133550|130840|136180|133970|136830|113390|112770|111840|135730|110310|139450|133740|135850|135160|134130|108690|130940|130990,6.15.0-rc7,True,fn01
1,200_100,1,100,100,200,True,36995.60,31430,37340,39550,41060,42880,42880,41060|35530|35320|35910|31430|37470|38510|37630|39300|38160|39190|34810|39350|36880|37350|37310|38490|37090|36910|35170|37630|35140|36010|36570|38110|34250|36390|37250|34380|33980|32520|38080|41680|37440|37900|37720|38000|37360|34990|38330|38090|38200|39570|38490|39460|37060|35470|37340|36630|38090|37830|34130|38820|33220|31730|33030|33050|38230|37010|40210|35780|35880|39950|39230|38150|39550|37610|37220|36430|38160|41980|37370|42880|36360|36470|34730|36250|34750|34710|35390|33070|34310|32490|34790|35640|38580|39770|37120|32980|39250|37400|36190|42690|37760|38080|38290|37030|38010|38840|36160,6.15.0-rc7,True,fn01
1,200_100,1,100,100,200,False,128483.70,79780,132740,136770,137570,578070,578070,578070|139800|84340|114590|134490|136040|134720|110280|111630|79780|109530|134150|111220|132750|130960|107320|129160|134430|136440|114080|133670|112560|134040|135050|137200|85320|135430|133950|112460|137790|136230|109760|112740|89880|112730|135390|109560|110340|108080|132820|109550|107800|111950|135340|135780|133450|111560|138000|136540|112430|130560|108290|135220|113270|136400|132820|135120|135500|116590|113120|108670|114830|133090|111510|132740|132570|131910|107880|109110|129810|107960|132790|134910|136840|136410|112800|137570|136000|132400|137280|112040|135870|135050|135060|136860|136770|135940|113650|112090|111380|133300|107940|134340|130650|134650|131600|134570|118660|136760|136040,6.15.0-rc7,True,fn01
2,200_100,1,100,100,200,True,36992.70,30790,37200,39200,41050,46170,46170,46170|36370|43700|39050|39200|39140|32330|37900|37900|41720|35970|37200|37880|38620|36770|38000|37280|36730|36740|35440|35100|35220|33280|34590|31300|30790|37130|36040|39050|38320|38860|35420|37320|37850|37530|38740|42360|35180|38930|37200|38060|36770|36240|37510|37160|35370|35750|33700|33780|33970|33850|34430|37200|38760|40550|37510|36680|37760|36900|37900|37850|36990|36320|39030|39120|37040|39500|37420|36980|37150|38200|34810|37840|34300|32830|33770|33140|33110|37640|36760|36850|36620|37530|41050|37070|39350|38150|37600|33520|37450|37750|38190|38220|39250|38940|35550|36130|34970|35750|35360,6.15.0-rc7,True,fn01
2,200_100,1,100,100,200,False,131201.30,106590,134070,138210,142060,574780,574780,574780|137240|134040|110910|138030|136220|131900|109480|109450|132200|109400|130600|115260|136500|134880|113200|136830|138500|138250|113380|136300|112160|136210|142060|137840|135990|127870|132750|112770|135450|137810|114080|112130|136380|110190|130520|108760|106950|106590|141990|112680|109170|109970|134490|135930|135230|113610|143100|137310|109300|135430|113630|134030|114220|137740|136680|134520|133230|112100|111200|110540|107670|132710|112590|128970|138210|137620|109420|113950|135610|112800|144790|136630|140670|137830|113680|134490|136930|138100|137600|112630|135750|131310|134070|135280|136110|134090|109140|110070|107180|128170|114540|137270|135870|142580|135420|138050|109280|137210|135880,6.15.0-rc7,True,fn01
3,200_100,1,100,100,200,True,36904.20,32750,37250,38940,39580,45110,45110,45110|37850|37340|38930|39580|40440|39320|37350|39210|35880|38220|39370|36810|36410|37610|36170|35470|32820|37220|33250|33370|38400|37760|37770|38140|37240|36040|35770|37850|38760|37430|39310|37280|33350|38530|37940|37160|37120|37700|34840|36410|37250|35860|34940|35510|38920|32750|37240|38000|37550|38940|35500|33950|43030|34530|35260|38180|34600|37520|37250|36290|37710|37250|38830|38740|35310|36640|33760|34500|34920|33980|35180|37760|38160|37150|37290|37200|36650|37390|38920|37990|37090|32750|33170|38690|38440|38870|37330|37320|36800|37540|36640|35970|35170|34230|35860|33360|33640|33430|43190,6.15.0-rc7,True,fn01
3,200_100,1,100,100,200,False,130549.50,104930,132480,137230,139090,555140,555140,555140|134090|133470|110100|131320|129530|130110|113510|121730|135380|108520|136930|113740|136630|133270|107790|143750|134540|136740|113330|135400|109700|136250|149070|136060|134850|132130|134110|108840|132560|132030|108630|110420|128380|113190|136370|113440|113010|111660|134030|112210|114320|113370|134990|137710|136370|111370|134520|137940|109900|133600|111450|132680|112280|130280|132090|133430|129970|108590|104930|111400|109330|136560|112690|130360|137100|139080|112820|112280|132900|110960|139090|136300|135940|137230|113060|136020|135940|136380|134400|111170|130590|133020|131110|132160|132480|136060|116220|112610|111210|137020|110850|139850|137210|135120|136190|137870|112100|136130|134390,6.15.0-rc7,True,fn01
4,200_100,1,100,100,200,True,36162.80,31050,36550,38810,39900,43580,43580,43580|39470|37620|39900|37130|41480|38780|34220|36630|34410|35100|34460|31330|33290|33570|32450|38130|36420|37330|37710|35370|37870|38100|38680|38190|32830|37250|37370|38150|36410|34670|36920|40010|37220|36710|34720|34850|35310|32610|34810|32270|33040|37490|36070|38810|34690|34270|36800|37420|36550|37310|36260|37910|31200|32590|38010|37950|38940|37780|35880|34630|34900|35110|35460|33280|35070|31580|31050|38030|35620|38830|35910|37020|37940|37520|38250|35700|37220|39170|35780|34710|37050|36130|37990|37630|36750|37350|41990|33010|34910|33750|34180|33610|31690|33060|32040|37980|37710|35560|38810,6.15.0-rc7,True,fn01
4,200_100,1,100,100,200,False,128826.80,77370,133500,137930,139320,576290,576290,576290|131460|139320|113090|127330|134270|140030|115530|113670|133760|113410|133770|117880|136920|141990|113160|136040|132480|136600|112640|131280|111020|131620|134180|134630|131180|132190|130260|112710|136260|139040|114560|109770|133690|113480|138090|114090|113490|113150|135700|110690|110740|113910|135030|137210|136420|112510|135220|134650|108680|82660|77370|80620|107860|133500|137140|137460|137010|84760|110440|114070|113080|135730|112970|84860|137770|137290|112590|111330|134930|115380|80670|134400|135000|135110|108930|132760|132400|133890|134470|111820|135280|134950|136110|138230|136460|135850|134630|114350|113910|139160|107690|141480|137010|137930|136490|135930|112460|135520|135880,6.15.0-rc7,True,fn01
0,300_150,1,100,300,150,True,3295.90,1790,2600,3280,3510,44310,44310,44310|2720|2300|2320|3170|2430|3110|2420|3250|3100|2070|2660|2610|2910|2530|3110|2950|2790|2460|2670|2580|2550|2110|2200|2960|2880|2230|2290|3000|2450|3100|3680|3230|2650|2520|2200|2520|3270|3510|2730|2460|2510|3160|2970|1940|2910|2480|2620|2360|2940|3220|2510|2230|2510|2420|3180|2200|2380|2980|2900|2540|1860|2360|3310|3330|2870|3120|2500|1790|2350|2910|3310|2450|2640|2040|3110|3070|3240|2600|2160|2260|2360|2110|3280|2430|2080|3010|2370|2160|2050|2910|3280|2250|4700|2330|2550|2070|2900|22970|2530,6.15.0-rc7,True,fn01
1,300_150,1,100,300,150,True,3508.10,1930,2600,3430,5670,45110,45110,45110|2600|2870|3290|2480|3150|2350|2460|2680|2230|3020|3270|2460|3080|2210|2730|3090|2770|3160|2360|2250|2360|2620|2180|2790|2620|3150|3140|2310|5670|2740|3030|2180|2070|2410|2260|15740|2990|2570|2380|2860|2150|3150|3040|2820|2320|3030|2020|2320|2210|2170|2290|2310|2930|2270|2320|3430|17200|1930|2660|2130|2050|2490|3490|3710|2170|2490|3070|3640|2630|4640|2890|2390|1970|2980|2450|2200|16830|2500|2370|2700|2860|2390|2150|1990|2090|3090|2660|2430|2550|2270|2170|3010|2340|2990|2900|2490|2540|3070|2770,6.15.0-rc7,True,fn01
2,300_150,1,100,300,150,True,3511.80,2210,2670,3290,3550,45910,45910,45910|2490|2590|2720|3290|2880|2330|2710|2540|2790|2580|2540|2470|2750|2290|2440|2890|2740|2440|2630|2370|2720|2460|2770|2420|2380|2410|2370|3250|2630|2450|2470|2680|2670|2400|3140|2460|2480|37660|3280|2680|3380|3230|3110|2510|2790|3130|3590|2360|3080|2310|3550|3060|2280|2990|2560|2620|3610|2490|3110|2790|2630|3360|2730|2820|2340|2270|2490|3150|2950|2320|2460|3040|2740|2660|3240|2480|2620|2610|2400|2480|2520|3050|2480|2700|2690|3120|3520|2830|2820|2670|3010|2500|2750|2210|2550|3480|2610|2750|2410,6.15.0-rc7,True,fn01
3,300_150,1,100,300,150,True,3105.30,2030,2630,3180,3380,44350,44350,44350|2540|2530|2430|2290|2580|2480|2530|2540|2820|2400|2410|2150|2830|3550|2630|2430|2710|3380|2230|2720|2640|2750|2360|2400|3330|2750|2220|3030|3110|2190|3150|2390|2110|3040|2200|2620|3160|3000|2410|2890|3110|3100|2990|2240|2030|2600|2970|2780|3040|2520|2650|3310|2830|3340|2860|3570|2650|3370|2560|2540|2850|2880|2840|3060|3080|3180|2750|2250|2310|2550|2890|2330|2620|2620|2620|2370|2680|2360|3170|2600|2550|2550|2190|3460|2760|2410|2460|2860|2040|2360|2500|2490|2190|2950|2450|2960|2730|2480|2790,6.15.0-rc7,True,fn01
4,300_150,1,100,300,150,True,4103.20,1980,2770,4600,17500,40440,40440,40440|2420|3180|2160|17500|2510|17550|2730|2570|3220|3100|2450|2830|2630|2110|2210|18730|2450|2630|16950|2620|2920|2390|2820|3850|2500|2810|2090|2970|13770|2550|3250|2430|3230|3030|2160|2650|2080|2990|2950|2170|2110|2060|2680|18420|3130|3190|3110|3190|2200|3780|3130|2950|2950|2070|2450|4600|14970|2920|5010|3330|3190|2450|3130|3010|2750|2860|2390|2190|2360|2730|2890|3010|2840|2880|2710|2040|2550|2280|2850|2320|1980|2770|2170|2330|2940|2750|3340|2550|2290|2740|2980|2270|2540|3290|2740|2170|2100|2900|3190,6.15.0-rc7,True,fn01
0,300_150,1,100,150,300,True,37822.20,31450,38340,40140,40540,43490,43490,43490|41720|40980|38370|38110|38950|39160|38530|39740|31450|36530|35630|38320|38760|38900|38740|37020|37500|32550|38690|39720|39960|35730|36330|38310|35640|38840|33420|40540|37910|36930|37930|38740|39670|34070|39640|41810|39790|39280|38380|38980|35840|40090|33610|39490|39350|39100|37880|38300|35880|35930|40380|32180|40020|38880|37020|38630|38360|40140|34580|39470|34950|36420|40010|40190|39240|36650|38320|35250|31830|33170|40240|40340|36170|39550|35640|36690|37120|39680|33510|36680|39410|37680|37230|38300|36450|36240|37730|38920|38960|36870|39330|38950|36080|38340|35630|37720|38310|39900|38630,6.15.0-rc7,True,fn01
0,300_150,1,100,150,300,False,132377.70,107150,134190,139680,140850,556460,556460,556460|132690|141470|119330|139990|140210|135990|112600|111270|138020|114580|139050|115100|137170|135480|111800|138480|132190|139160|108390|132900|113340|136760|139420|137190|137610|133300|136520|107750|140790|138160|113920|112840|133490|115020|134190|113180|116860|115010|137370|113820|114710|112200|135080|133510|138430|113630|137720|138590|119250|134980|112850|136400|110360|136540|134880|139680|138210|114200|115020|113080|114800|130480|115880|137530|144420|136010|114030|113130|136870|115260|132280|143100|134140|136450|113720|136160|138890|133780|138460|107150|137680|132590|136900|140850|136160|139340|110670|117120|107200|138030|113980|140440|137150|132950|137380|135570|113630|132300|137100,6.15.0-rc7,True,fn01
1,300_150,1,100,150,300,True,37900.20,32200,37990,40720,41700,45350,45350,37390|43180|37770|41700|40220|37460|38090|34700|38420|38800|39350|39610|39480|40250|35870|40700|34430|38570|37990|37320|37310|36650|37860|35750|37110|33970|41230|37740|38310|40820|38180|40380|34540|38910|34220|35950|37120|40060|45350|36340|36670|36250|38920|33850|39240|40800|36880|39830|36020|42730|37290|39020|33750|32200|39440|37600|36720|38760|38860|36640|37710|34340|36060|37060|39650|39340|38510|36350|36280|36520|38720|40030|38380|39130|39740|35860|38160|32690|40310|36610|39880|34610|35770|39740|35320|40720|34270|40590|36270|43080|38850|37120|40720|35520|36710|32720|39280|37880|38700|40250,6.15.0-rc7,True,fn01
1,300_150,1,100,150,300,False,131792.10,96970,134100,139870,140920,552840,552840,552840|141100|133420|114160|132760|134850|136990|113000|116090|130460|115030|135090|113770|139720|133450|119720|133030|137240|133860|97990|138960|111940|141000|136020|139680|127890|134760|130710|96970|140100|137610|112980|110540|137270|112910|139640|108840|114300|116520|135640|116600|108390|113740|134100|139100|136280|114340|142120|135810|112440|135590|112650|134860|120100|137330|140340|138450|137510|114930|109640|116320|112270|138270|112760|138730|137290|136780|114740|105920|138790|109200|137300|133070|129000|138820|112560|140150|138890|138800|133980|112900|132290|136870|139870|135990|137740|132840|115100|110860|110360|140510|116470|140920|134960|137190|137140|137250|107290|138690|137160,6.15.0-rc7,True,fn01
2,300_150,1,100,150,300,True,37996.50,32040,38330,40480,41500,46640,46640,46640|40000|38770|35450|39670|43200|33990|41500|32050|38570|38470|39530|40850|36770|37100|34580|38330|37460|37730|40070|39150|38160|35880|34440|34030|38730|39170|37400|40260|36930|38160|35230|37440|37090|38550|37450|36790|39440|37230|36560|38280|38120|32300|38840|39710|39300|34630|38180|35500|37340|40020|34770|39490|43760|38820|37690|37860|39860|35990|38870|32040|38490|39470|38700|37690|37170|39230|35860|40900|32800|40010|38460|39260|38910|36610|42030|34070|40480|39540|38910|38070|35260|39490|36820|40540|35020|38740|38560|36940|40350|37960|40440|36770|38800|34350|36570|39280|39360|40550|37000,6.15.0-rc7,True,fn01
2,300_150,1,100,150,300,False,132344.70,107620,133930,139300,140680,580170,580170,580170|138440|134520|116970|142120|133450|140680|108320|108940|138180|115650|138290|112270|137590|134940|110870|132590|136960|137030|113690|138570|112690|135050|136070|139300|129200|133770|138490|117640|136650|136160|114580|110000|137250|107650|137380|113870|115690|119940|137030|114390|109160|108200|129830|140460|134360|133900|136410|134250|115080|130920|113850|129040|116090|140510|135580|138490|130230|115390|109600|114850|107620|143340|115920|136510|133930|134940|115800|111700|137940|114770|138500|138540|134980|137180|110590|135590|136730|137500|139730|116980|127800|133670|138650|137570|134540|131010|116040|114210|113340|133500|113370|144850|134350|132940|133930|137040|113850|139960|135820,6.15.0-rc7,True,fn01
3,300_150,1,100,150,300,True,38051.10,32480,38220,40830,42330,48830,48830,45100|48830|38140|41400|36470|42330|33920|35870|43160|38220|40830|37350|40150|35710|39080|32480|36620|38520|38440|35740|35810|35220|35750|39590|38930|41110|40420|37200|37650|36040|38610|34200|39580|40300|36580|37100|37330|39310|38220|39660|34620|39410|36910|37990|37510|36440|38650|38080|38690|32740|39500|39580|39270|39940|37900|36700|35870|39330|33740|39450|35460|34870|38630|37740|39190|35240|41660|32590|36270|38540|38670|39540|36440|40120|34820|38820|34580|37440|38610|38340|41360|34850|40470|34820|38590|38590|38040|40530|40120|39980|36870|43250|36390|35730|38110|38330|38810|37400|39440|36570,6.15.0-rc7,True,fn01
3,300_150,1,100,150,300,False,132378.40,108070,134180,139500,141190,575160,575160,575160|142680|140750|109920|134180|133290|135430|110280|113990|136210|112530|137760|113490|138130|131930|114040|127090|137060|132220|112330|132280|116660|138930|132630|139340|136200|136000|136350|114640|148000|134390|115680|109750|138460|113250|136170|115110|118810|116200|133340|114500|108340|111230|135320|139500|145020|110880|139510|132260|111020|131130|113320|137570|119030|137410|135750|139140|134290|114850|109220|116650|112620|137020|117990|136530|136020|137210|112940|108070|138750|115680|136660|136550|136650|135530|110910|138160|131890|137800|135790|115060|141190|134870|137350|133480|134570|138250|112620|114210|113080|138610|113420|140390|131850|132650|137900|139870|115400|136520|137180,6.15.0-rc7,True,fn01
4,300_150,1,100,150,300,True,37924.80,32330,38610,40740,41560,43520,43520,42270|37570|36830|36500|38890|39400|39440|35510|38840|38570|39220|38500|39680|34250|37370|38720|38920|39230|42550|37600|36680|42950|33890|39250|39200|39640|39390|34080|36290|35600|38740|32960|39300|39480|35360|36220|37540|39920|35510|40740|33190|38620|36890|38960|35940|36420|40170|35210|37440|32330|38730|38760|38100|40570|37590|37260|34850|39070|38930|39410|40860|40960|37730|35490|38740|35970|39380|39440|37490|38770|40530|38680|36280|35540|34780|36590|40390|38890|33540|36800|43520|34780|38780|33980|38610|37470|38360|36470|39540|41560|36950|39400|32450|39660|39480|41030|41530|37690|38250|35080,6.15.0-rc7,True,fn01
4,300_150,1,100,150,300,False,132894.90,106170,135400,139830,141390,579590,579590,579590|140190|138850|113220|139130|131470|136500|115450|116480|138330|113020|136250|110440|138920|131290|114920|138770|136250|139640|112140|135930|110610|136700|131160|138100|136440|135830|138490|113900|158400|132940|115240|108220|136800|116300|139880|115400|114080|113430|132060|115070|115850|116230|137710|137010|135940|112300|135540|133860|114960|138150|115990|136770|110610|141390|136560|137790|131960|113110|114460|114600|113830|138310|115510|136400|136320|132690|114030|114810|139010|108720|137500|137050|135400|138690|107500|139840|139330|138190|139830|113960|135290|135140|138450|132550|138060|140360|106170|117110|112980|139460|109500|142620|131210|141820|138180|138070|116150|134590|138240,6.15.0-rc7,True,fn01
0,50_25,1,100,50,25,False,84976.20,61900,86670,93790,94590,498260,498260,498260|91100|94510|67480|86990|90610|91500|62030|66490|94120|65900|88120|70950|89010|83660|63650|94870|84830|89760|69190|88150|64260|91520|88170|85980|86300|93890|84670|66220|92480|87480|64980|68180|87530|61920|88670|72720|61900|66440|90120|66040|65210|71010|87090|85820|87300|72660|85450|89430|67870|88600|65380|90440|63890|85190|87990|96700|86670|65590|68100|66900|64840|92760|62900|88460|89190|95170|64820|66020|93790|66600|85420|89210|89800|86590|65750|90700|92310|89130|94030|65560|84730|88060|92420|86250|88730|92580|66780|66440|70170|89450|62560|88940|94590|85240|89540|93500|65650|88120|92880,6.15.0-rc7,True,fn01
1,50_25,1,100,50,25,False,66092.70,31390,68490,91600,93810,96330,96330,93810|88010|34330|65890|95940|86750|86860|39170|66880|32190|68710|89960|62490|37200|90300|35470|87590|93290|89590|31390|88190|71760|85230|90160|92470|88000|87470|40240|65340|85240|88080|72430|33110|88690|68900|35660|65180|67930|65490|83650|35420|73230|64750|88130|36470|88290|65000|95190|87900|62740|34240|43840|31420|65000|91270|87620|36920|91600|35580|63300|35490|70660|86790|35050|40330|89830|33540|68490|37180|31530|67600|37750|36690|35520|93310|65350|86000|88580|93110|86860|65560|90840|36410|86700|94920|35580|32570|35220|72220|32200|90400|67710|38410|88360|38980|88860|32140|64440|96330|84810,6.15.0-rc7,True,fn01
2,50_25,1,100,50,25,False,69521.20,31730,73850,92400,93760,97030,97030,73850|88340|88160|73690|87130|89220|91630|37030|65590|94110|64630|32540|64270|43830|83750|37270|92890|36020|88930|40310|86940|62290|87650|44800|85990|87670|89680|36810|65210|93660|86630|63370|34980|92400|62670|34840|71220|66420|63640|89670|36350|62600|64830|91840|36150|87790|70170|89740|85020|67700|37250|33090|36730|68550|87790|88550|95130|89410|32130|62630|43030|62660|89060|37370|38570|87790|93600|64920|31730|34790|73900|86570|37710|92840|90370|64890|94300|89560|86360|88290|73910|83390|37030|88890|88840|88110|40500|63690|63170|34660|97030|62200|35810|92040|88870|89110|93760|65280|86070|88270,6.15.0-rc7,True,fn01
3,50_25,1,100,50,25,False,75058.80,31700,85190,94080,94970,97210,97210,77460|94830|88940|66020|94950|87560|84370|63500|72110|86310|65510|38360|66520|88370|90010|64140|85190|34360|96630|62840|88750|68260|88280|35480|95070|87570|83470|87210|73640|86620|89610|66540|37580|88260|70670|87020|62910|63800|72930|82620|66080|69660|66300|87570|94970|87270|62850|89630|94080|65020|86420|69540|89320|62250|91430|91180|84780|90170|69480|66270|35520|69810|89490|31700|86640|94680|86110|66220|39490|36370|64890|94580|34110|85540|87160|72530|85340|90570|92760|90790|64490|92060|34930|86050|87830|96660|32610|66380|68870|37010|88850|69980|35510|85530|86550|97210|87110|65020|91210|89180,6.15.0-rc7,True,fn01
4,50_25,1,100,50,25,False,78945.30,32720,87000,91840,93270,96550,96550,73240|87510|90450|70860|89480|88240|92580|65650|61240|87000|71520|32720|64570|91640|88340|64770|93270|35300|85500|64590|91490|62380|89980|39040|90540|90180|92300|87350|62050|87940|95340|62070|66760|91780|66930|88350|70640|64280|63040|87210|73310|63020|67080|90580|90850|87020|69300|88100|86760|65250|91840|63250|87440|68030|87940|86230|92240|91280|62610|65760|69980|65070|87700|67200|88430|84810|88290|70540|62880|88980|66740|87270|87730|94210|89720|61870|87320|96550|84310|90200|69170|87000|88900|93630|88800|85500|87070|70310|62520|65800|92000|66380|90440|91840|87530|84590|87960|73980|86130|89170,6.15.0-rc7,True,fn01
0,100_50,1,100,100,50,False,84527.90,39450,92080,99170,100450,107800,107800,107800|94500|101910|71800|94600|95180|92080|75550|74670|92430|74820|92530|72420|96660|88890|76330|92920|100450|98620|69110|99440|68530|98090|98430|90500|98540|92320|101820|75750|91230|101300|68170|47320|95370|69950|99170|71770|73420|70240|93990|74760|68230|75610|89260|98400|96780|71800|98840|93090|75800|94860|71790|100200|68290|96480|94770|95100|97080|67670|72730|42540|70830|95650|39450|96090|97880|91950|76300|39980|46190|74490|91380|44760|93640|100010|74310|92060|99070|92640|99330|74420|90730|44730|91970|98180|95500|92770|76080|69920|78750|93550|70340|97640|92340|98580|90920|98420|74690|95890|98660,6.15.0-rc7,True,fn01
1,100_50,1,100,100,50,False,87281.40,66520,92430,99060,99970,107670,107670,107670|98100|94930|75940|99060|91290|100600|68910|81000|98000|67530|99580|69460|99560|94410|69460|97340|92010|99970|67460|95100|74740|93250|96870|90200|97200|96900|92140|76470|92430|98750|75230|70890|94660|69090|98670|75300|69610|71860|91370|73180|72420|66520|100370|94000|97890|75810|93530|96020|71240|98050|74340|88270|75770|91980|99830|97960|91200|76380|69460|76330|72100|92640|76850|90750|97180|95360|69910|75870|93500|77610|92430|95140|96820|95330|75050|92240|94690|97350|95120|75970|88680|99000|96320|93600|97240|93000|76330|74470|71130|97560|70190|101960|93170|92240|99080|93920|75050|97960|91770,6.15.0-rc7,True,fn01
2,100_50,1,100,100,50,False,87192.40,65200,92140,98720,99410,111650,111650,111650|97270|96560|70310|102070|92510|97430|74940|71240|95360|68680|96210|74310|92420|97250|69250|100400|96540|94200|73660|89880|74900|96860|93120|99140|92140|96570|97110|69550|98900|92110|74960|74170|88400|73870|94490|77720|74340|65200|97770|70450|74650|74770|89190|101750|91830|76270|96760|93460|75580|91580|74440|90990|73280|98270|92860|97840|91320|75270|74780|71020|74830|92090|70690|96310|94790|98520|67600|77390|99410|71250|96930|91580|97680|97220|69490|99150|93450|98170|97690|67860|97460|93140|96630|98490|90560|98720|71370|74770|74850|91540|75800|93070|96090|91010|92230|98750|69240|97890|95710,6.15.0-rc7,True,fn01
3,100_50,1,100,100,50,False,87041.90,67360,92650,98710,99660,111290,111290,111290|95170|99310|74430|92680|100080|92950|76540|74330|91690|77420|92650|74630|98480|88980|78490|92320|97160|96640|68100|95450|68280|99140|94580|92880|95680|92890|97700|68580|95410|94780|70270|75020|89660|72600|96430|71710|73010|69310|93670|74710|71570|72590|91180|98400|96640|72240|96650|94750|73180|98710|68270|98410|70680|97250|97220|91290|98110|67360|75100|75520|69820|98620|69510|98140|97470|89490|75990|70910|99660|72190|90020|98180|92690|98830|71960|91960|96920|92410|97690|68360|93180|96630|92760|100160|89990|98350|73480|72060|74710|91870|73140|101400|93800|97480|92060|98990|73920|95080|94090,6.15.0-rc7,True,fn01
4,100_50,1,100,100,50,False,87051.80,66700,92550,99530,100250,111510,111510,111510|98500|93780|75350|95050|91400|96230|68200|76750|98170|67360|98120|70060|97960|94310|67390|99530|90730|96050|75470|90030|75450|92740|98140|97560|89310|99890|92540|76570|97360|91760|74310|70480|96870|70780|95340|71510|72160|76470|87080|72450|73430|71610|96660|92550|94430|75610|94560|100690|67740|99100|74300|93330|72240|90510|100980|98090|92610|74710|67760|74380|74050|92950|74760|90200|97640|98150|68570|73570|94230|75120|97030|90320|99740|94450|74980|100050|90320|100900|94090|75730|94280|90770|98450|94490|97420|93460|69250|75310|69540|100250|66700|99540|92650|95020|96560|91200|75090|98670|93670,6.15.0-rc7,True,fn01
0,200_100,1,100,200,100,False,91801.20,47230,100050,103600,104440,120450,120450,120450|102530|104830|78120|103070|101660|101370|80010|78270|105340|81200|50100|77930|101730|101060|78990|102700|47230|100060|79520|100050|79780|101400|50250|100500|100150|98450|100700|75480|103670|99980|79080|75750|100030|78810|101590|78720|80450|78200|99200|78780|80190|79270|100460|102530|100680|81770|102090|100630|78400|101400|82430|102110|76930|102240|100840|103600|99870|79120|79220|79110|80560|102000|78430|101500|104440|101590|78390|76400|102700|78060|99880|100600|101630|99970|76540|98910|104010|101400|103900|75560|100210|99210|99870|103080|101740|102320|78120|80470|78590|103750|80850|104830|101610|103100|102400|102210|76750|101570|102890,6.15.0-rc7,True,fn01
1,200_100,1,100,200,100,False,93165.20,75590,100530,103510,104300,121760,121760,121760|103860|104520|76930|103110|101680|101620|79980|77230|101880|78760|100740|76740|101170|99180|79430|102650|98940|101680|75810|101390|77890|101260|99800|104040|97640|99730|102270|78270|103730|104040|79930|77290|101360|77590|100530|78210|76840|80040|99890|77190|79660|78130|100830|101060|101890|77050|104300|100650|79210|99500|76190|98590|78610|101190|101580|102550|102030|79810|78960|78690|78990|104600|79030|101670|101620|102300|79050|81850|103460|78190|97940|100550|100890|104310|76540|102790|99660|103510|101250|77060|101680|101320|102600|103220|99500|101470|78720|79880|80310|100570|75590|102500|102980|100830|103080|99950|77560|100090|102330,6.15.0-rc7,True,fn01
2,200_100,1,100,200,100,False,93269.50,70130,100840,103630,104980,120640,120640,120640|103060|105140|83190|102660|102520|101110|79720|79110|106170|75480|101940|77040|101060|99750|78840|101690|102240|101350|77850|97170|78380|100740|103230|101100|101290|101260|101890|80250|104100|102480|79550|80300|103630|79740|103270|78420|79080|79940|98830|79000|76280|80120|99440|103630|98730|78930|99310|103290|74810|102880|77900|100910|80720|98510|102210|95400|104980|77750|80060|77680|70130|102500|76490|102860|101010|101120|78320|76470|102690|75530|102260|99770|102430|100840|76390|99780|102540|105010|104020|79290|101090|100300|102780|101220|102480|102330|80170|79550|78680|102520|76500|102160|100670|101960|102180|104410|76900|102690|101160,6.15.0-rc7,True,fn01
3,200_100,1,100,200,100,False,93620.10,75140,101050,103450,104340,120180,120180,120180|104340|104840|81130|103040|103300|101940|80290|80140|101120|79660|101180|77380|101110|100750|76250|103130|100130|104160|78530|102120|80050|103270|100840|103100|100120|101940|103400|79320|104400|100650|79160|78990|102450|77290|104450|77950|75320|79220|101470|77970|79290|79160|101970|100160|101560|75140|103450|103620|80360|101490|79670|102050|77520|101830|103220|101270|102870|78970|80330|79100|78060|103710|77680|101570|100600|102170|79310|78980|101660|78880|100780|102950|99330|103260|80170|103160|103640|102830|103390|79210|101290|102630|96820|102040|102690|102290|79280|78200|80630|99300|77060|101930|101520|101050|102210|99030|80880|99850|102860,6.15.0-rc7,True,fn01
4,200_100,1,100,200,100,False,93550.20,75520,100440,103930,105140,117160,117160,117160|105370|105350|77970|100730|102370|100300|79570|78360|106960|77010|102620|77650|98860|97880|78580|100860|101950|101610|77000|99130|81450|100990|103840|102700|102010|103410|102490|80260|99930|102880|77660|78480|100440|76780|102600|78850|77950|80520|99300|79550|78090|81530|99790|102120|99610|79090|105140|103210|78090|100490|79300|101580|81230|97480|102210|101940|103970|78470|79750|78270|79880|101160|79530|104160|100650|100430|79840|78590|102790|75520|104630|101530|103280|101540|79310|102990|103530|103930|103620|79370|101050|103750|100390|99580|100600|102380|77930|81600|79170|101530|78020|102980|101410|103180|100160|103950|75750|103270|101300,6.15.0-rc7,True,fn01
0,300_150,1,100,300,150,False,97698.80,75430,100290,103800,104350,514720,514720,125960|104060|105750|82040|103550|103700|101600|78080|77670|103220|79620|99730|77070|102220|100290|78790|100380|101030|102240|78570|99950|76560|102700|103410|103360|99490|98540|101610|78600|100640|102330|77400|79510|98500|77310|102630|79370|81020|79890|100560|77140|79190|79700|103800|101130|100280|78960|102310|101470|77400|514720|77690|102780|78670|99340|103480|103180|99280|76860|79150|83030|79090|99660|81880|102710|102810|103310|80130|79910|99460|79410|99480|98700|102250|102010|78670|101900|102970|102440|104080|76810|101060|104350|98850|104140|102120|102440|75430|77630|79220|100910|77260|105120|101670|102390|104290|102670|78860|102520|102760,6.15.0-rc7,True,fn01
1,300_150,1,100,300,150,False,90205.40,46280,100220,103880,104720,114600,114600,114600|105730|105490|81930|104230|105030|99340|78590|79950|100290|79850|100550|79400|100220|97150|78240|103220|100870|100810|79460|99600|78720|101620|103310|101100|101070|99250|100130|80220|104210|103320|78020|78960|101770|79920|102520|79600|78210|77640|99720|79280|78730|75550|101420|53050|100680|77760|103700|103880|77720|50020|49180|46280|78710|100460|101240|101100|101940|50210|76850|76520|79050|103260|79950|54470|100520|102850|75560|78040|103220|76870|48640|100850|101750|100650|78860|103210|102910|104000|103060|79760|98000|100690|101120|102530|102130|103800|76220|76590|78710|104720|79530|101880|98070|100440|102790|104330|79140|103290|100940,6.15.0-rc7,True,fn01
2,300_150,1,100,300,150,False,93352.80,75450,100170,104180,104990,117040,117040,117040|106750|105640|80070|101080|106300|99580|77900|78630|103390|78880|103330|79990|100170|99670|78030|104330|98310|100560|78150|100850|79280|99640|102810|101980|98440|101930|101830|76810|100340|102300|79500|77950|103480|77440|102330|79630|76100|80180|102050|79180|80470|77600|98470|103610|101010|77890|100670|99820|79480|100310|79800|101610|79400|98010|103740|104180|102440|79430|78900|76330|76990|102550|79490|101180|98900|104660|79710|75450|101900|78740|97960|100080|102390|104320|78310|103180|102560|102430|101070|77480|102250|102780|100270|103450|101920|101330|79000|78570|77860|98860|78450|104330|98820|104150|100370|104990|77590|103220|102700,6.15.0-rc7,True,fn01
3,300_150,1,100,300,150,False,93289.00,73410,100180,103540,104750,119170,119170,119170|102580|103280|81720|102980|97700|100760|82040|79290|99700|80140|100660|76800|101600|103070|75630|102010|100850|102000|78220|97730|76480|102560|103150|104510|102190|102700|100180|82700|100660|101350|79940|73410|99800|76940|102490|79440|79240|75310|98740|78240|78160|80670|101870|104930|98300|79860|102600|101010|80360|98880|80910|100390|76260|101310|103100|103410|102220|79300|77460|78990|75670|100110|75960|100300|104270|102790|79380|79430|102080|78170|103550|106080|98390|103970|78030|101750|101270|103340|101610|78990|98540|102870|105200|102270|103450|102580|76940|78040|78900|98370|78330|104750|99540|103260|99730|103540|75880|102220|101400,6.15.0-rc7,True,fn01
4,300_150,1,100,300,150,False,92457.50,47830,100540,104260,105120,115820,115820,115820|107490|105890|79830|103480|101940|99480|76080|79320|102680|79420|102200|98500|99340|98550|80570|103870|98890|103590|79120|100170|76460|103550|102440|102260|98940|100690|103490|79510|103470|103000|77590|74940|100770|77520|102220|79600|78280|80890|100500|80190|76230|79020|98910|105120|102090|80300|101820|103400|78580|47830|49550|50940|77150|101980|104590|104260|101510|77920|77180|77740|75320|102390|79750|99490|102320|101290|79170|76010|103020|81260|101610|102630|100810|102640|77630|104780|104270|103530|103210|80590|100560|101310|102190|101970|101610|99960|77890|78440|79020|106720|80390|100540|98930|103470|103590|102940|79890|104710|101240,6.15.0-rc7,True,fn01
