run,datasize,batch,threads,physgb,virtgb,runfor,exmap,kernel,mitigations,node,ssd,ts,tx,rmb,wmb,system,threads,datasize,workload,batch
0,1,128,1,1,32,200,0,6.17.0+,True,fn01,/dev/nvme8n1,0,107683,0,0,vmcache,1,1,tpcc,128
0,1,128,1,1,32,200,0,6.17.0+,True,fn01,/dev/nvme8n1,1,110634,0,0,vmcache,1,1,tpcc,128
0,1,128,1,1,32,200,0,6.17.0+,True,fn01,/dev/nvme8n1,2,109724,0,0,vmcache,1,1,tpcc,128
0,1,128,1,1,32,200,0,6.17.0+,True,fn01,/dev/nvme8n1,3,109941,0,0,vmcache,1,1,tpcc,128
0,1,128,1,1,32,200,0,6.17.0+,True,fn01,/dev/nvme8n1,4,110194,0,0,vmcache,1,1,tpcc,128
0,1,128,1,1,32,200,0,6.17.0+,True,fn01,/dev/nvme8n1,5,109780,0,0,vmcache,1,1,tpcc,128
0,1,128,1,1,32,200,0,6.17.0+,True,fn01,/dev/nvme8n1,6,109750,0,0,vmcache,1,1,tpcc,128
0,1,128,1,1,32,200,0,6.17.0+,True,fn01,/dev/nvme8n1,7,90569,4.47656,74.4844,vmcache,1,1,tpcc,128
0,1,128,1,1,32,200,0,6.17.0+,True,fn01,/dev/nvme8n1,8,85994,5.74219,89.4297,vmcache,1,1,tpcc,128
0,1,128,1,1,32,200,0,6.17.0+,True,fn01,/dev/nvme8n1,9,92980,1.63281,92.2734,vmcache,1,1,tpcc,128
0,1,128,1,1,32,200,0,6.17.0+,True,fn01,/dev/nvme8n1,10,92520,1.38281,90.6016,vmcache,1,1,tpcc,128
0,1,128,1,1,32,200,0,6.17.0+,True,fn01,/dev/nvme8n1,11,93022,1.28125,92.3281,vmcache,1,1,tpcc,128
0,1,128,1,1,32,200,0,6.17.0+,True,fn01,/dev/nvme8n1,12,93384,1.14844,91.6992,vmcache,1,1,tpcc,128
0,1,128,1,1,32,200,0,6.17.0+,True,fn01,/dev/nvme8n1,13,93005,1.04297,92.4414,vmcache,1,1,tpcc,128
0,1,128,1,1,32,200,0,6.17.0+,True,fn01,/dev/nvme8n1,14,93895,0.820312,91.9297,vmcache,1,1,tpcc,128
0,1,128,1,1,32,200,0,6.17.0+,True,fn01,/dev/nvme8n1,15,93333,0.734375,92.1602,vmcache,1,1,tpcc,128
0,1,128,1,1,32,200,0,6.17.0+,True,fn01,/dev/nvme8n1,16,92726,1.08594,92.0117,vmcache,1,1,tpcc,128
0,1,128,1,1,32,200,0,6.17.0+,True,fn01,/dev/nvme8n1,17,93111,1.05469,91.1445,vmcache,1,1,tpcc,128
0,1,128,1,1,32,200,0,6.17.0+,True,fn01,/dev/nvme8n1,18,92576,1.04688,90.6445,vmcache,1,1,tpcc,128
0,1,128,1,1,32,200,0,6.17.0+,True,fn01,/dev/nvme8n1,19,91874,1.23828,89.0156,vmcache,1,1,tpcc,128
0,1,128,1,1,32,200,0,6.17.0+,True,fn01,/dev/nvme8n1,20,91801,0.984375,90.3086,vmcache,1,1,tpcc,128
0,1,128,1,1,32,200,0,6.17.0+,True,fn01,/dev/nvme8n1,21,87719,1.03516,89.5781,vmcache,1,1,tpcc,128
0,1,128,1,1,32,200,0,6.17.0+,True,fn01,/dev/nvme8n1,22,91266,1.14453,89.5078,vmcache,1,1,tpcc,128
0,1,128,1,1,32,200,0,6.17.0+,True,fn01,/dev/nvme8n1,23,91610,1.01562,89.1367,vmcache,1,1,tpcc,128
0,1,128,1,1,32,200,0,6.17.0+,True,fn01,/dev/nvme8n1,24,91027,1.07031,89.6836,vmcache,1,1,tpcc,128
0,1,128,1,1,32,200,0,6.17.0+,True,fn01,/dev/nvme8n1,25,91365,1.28516,89.8828,vmcache,1,1,tpcc,128
0,1,128,1,1,32,200,0,6.17.0+,True,fn01,/dev/nvme8n1,26,90796,1.27344,89.4727,vmcache,1,1,tpcc,128
0,1,128,1,1,32,200,0,6.17.0+,True,fn01,/dev/nvme8n1,27,91011,1.19141,89.1836,vmcache,1,1,tpcc,128
0,1,128,1,1,32,200,0,6.17.0+,True,fn01,/dev/nvme8n1,28,91233,1.21484,88.8398,vmcache,1,1,tpcc,128
0,1,128,1,1,32,200,0,6.17.0+,True,fn01,/dev/nvme8n1,29,89603,1.29688,88.5742,vmcache,1,1,tpcc,128
0,1,128,1,1,32,200,0,6.17.0+,True,fn01,/dev/nvme8n1,30,89772,1.21875,88.6562,vmcache,1,1,tpcc,128
0,1,128,1,1,32,200,0,6.17.0+,True,fn01,/dev/nvme8n1,31,89145,1.98828,88.5508,vmcache,1,1,tpcc,128
0,1,128,1,1,32,200,0,6.17.0+,True,fn01,/dev/nvme8n1,32,87013,3.17969,87.2695,vmcache,1,1,tpcc,128
0,1,128,1,1,32,200,0,6.17.0+,True,fn01,/dev/nvme8n1,33,85183,3.35938,85.7773,vmcache,1,1,tpcc,128
0,1,128,1,1,32,200,0,6.17.0+,True,fn01,/dev/nvme8n1,34,83045,4.16797,84.4805,vmcache,1,1,tpcc,128
0,1,128,1,1,32,200,0,6.17.0+,True,fn01,/dev/nvme8n1,35,78910,6.28125,83.1133,vmcache,1,1,tpcc,128
0,1,128,1,1,32,200,0,6.17.0+,True,fn01,/dev/nvme8n1,36,74589,9.12891,81.6797,vmcache,1,1,tpcc,128
0,1,128,1,1,32,200,0,6.17.0+,True,fn01,/dev/nvme8n1,37,69921,11.3828,78.832,vmcache,1,1,tpcc,128
0,1,128,1,1,32,200,0,6.17.0+,True,fn01,/dev/nvme8n1,38,66616,12.9336,77.3828,vmcache,1,1,tpcc,128
0,1,128,1,1,32,200,0,6.17.0+,True,fn01,/dev/nvme8n1,39,61865,14.3906,77.1289,vmcache,1,1,tpcc,128
0,1,128,1,1,32,200,0,6.17.0+,True,fn01,/dev/nvme8n1,40,63030,15.3555,76.6641,vmcache,1,1,tpcc,128
0,1,128,1,1,32,200,0,6.17.0+,True,fn01,/dev/nvme8n1,41,61396,16.1172,75.8359,vmcache,1,1,tpcc,128
0,1,128,1,1,32,200,0,6.17.0+,True,fn01,/dev/nvme8n1,42,60251,16.8789,75.2969,vmcache,1,1,tpcc,128
0,1,128,1,1,32,200,0,6.17.0+,True,fn01,/dev/nvme8n1,43,59111,17.7773,74.9883,vmcache,1,1,tpcc,128
0,1,128,1,1,32,200,0,6.17.0+,True,fn01,/dev/nvme8n1,44,56581,18.8945,74.0742,vmcache,1,1,tpcc,128
0,1,128,1,1,32,200,0,6.17.0+,True,fn01,/dev/nvme8n1,45,55918,19.3242,73.3242,vmcache,1,1,tpcc,128
0,1,128,1,1,32,200,0,6.17.0+,True,fn01,/dev/nvme8n1,46,54443,19.8477,73.1406,vmcache,1,1,tpcc,128
0,1,128,1,1,32,200,0,6.17.0+,True,fn01,/dev/nvme8n1,47,53004,20.7852,71.5898,vmcache,1,1,tpcc,128
0,1,128,1,1,32,200,0,6.17.0+,True,fn01,/dev/nvme8n1,48,52842,21.0117,71.9883,vmcache,1,1,tpcc,128
0,1,128,1,1,32,200,0,6.17.0+,True,fn01,/dev/nvme8n1,49,51575,21.8281,72.207,vmcache,1,1,tpcc,128
0,1,128,1,1,32,200,0,6.17.0+,True,fn01,/dev/nvme8n1,50,50201,22.4336,70.4141,vmcache,1,1,tpcc,128
0,1,128,1,1,32,200,0,6.17.0+,True,fn01,/dev/nvme8n1,51,48973,23.0586,70.375,vmcache,1,1,tpcc,128
0,1,128,1,1,32,200,0,6.17.0+,True,fn01,/dev/nvme8n1,52,48925,23.0664,70.9414,vmcache,1,1,tpcc,128
0,1,128,1,1,32,200,0,6.17.0+,True,fn01,/dev/nvme8n1,53,46049,23.168,70.5312,vmcache,1,1,tpcc,128
0,1,128,1,1,32,200,0,6.17.0+,True,fn01,/dev/nvme8n1,54,46620,24.4023,69.0664,vmcache,1,1,tpcc,128
0,1,128,1,1,32,200,0,6.17.0+,True,fn01,/dev/nvme8n1,55,45993,24.8047,68.832,vmcache,1,1,tpcc,128
0,1,128,1,1,32,200,0,6.17.0+,True,fn01,/dev/nvme8n1,56,45865,24.9336,68.5586,vmcache,1,1,tpcc,128
0,1,128,1,1,32,200,0,6.17.0+,True,fn01,/dev/nvme8n1,57,44910,25.0469,68.8828,vmcache,1,1,tpcc,128
0,1,128,1,1,32,200,0,6.17.0+,True,fn01,/dev/nvme8n1,58,45505,24.9805,69.3789,vmcache,1,1,tpcc,128
0,1,128,1,1,32,200,0,6.17.0+,True,fn01,/dev/nvme8n1,59,43661,25.9375,68.0859,vmcache,1,1,tpcc,128
0,1,128,1,1,32,200,0,6.17.0+,True,fn01,/dev/nvme8n1,60,42359,26.5977,67.3789,vmcache,1,1,tpcc,128
0,1,128,1,1,32,200,0,6.17.0+,True,fn01,/dev/nvme8n1,61,42565,26.4883,67.4492,vmcache,1,1,tpcc,128
0,1,128,1,1,32,200,0,6.17.0+,True,fn01,/dev/nvme8n1,62,39515,27.2695,66.9844,vmcache,1,1,tpcc,128
0,1,128,1,1,32,200,0,6.17.0+,True,fn01,/dev/nvme8n1,63,40914,27.3398,66.7305,vmcache,1,1,tpcc,128
0,1,128,1,1,32,200,0,6.17.0+,True,fn01,/dev/nvme8n1,64,41069,27.2031,67.1211,vmcache,1,1,tpcc,128
0,1,128,1,1,32,200,0,6.17.0+,True,fn01,/dev/nvme8n1,65,39460,28.293,65.8672,vmcache,1,1,tpcc,128
0,1,128,1,1,32,200,0,6.17.0+,True,fn01,/dev/nvme8n1,66,40851,27.4492,67.0586,vmcache,1,1,tpcc,128
0,1,128,1,1,32,200,0,6.17.0+,True,fn01,/dev/nvme8n1,67,40638,27.7344,67,vmcache,1,1,tpcc,128
0,1,128,1,1,32,200,0,6.17.0+,True,fn01,/dev/nvme8n1,68,40265,28.1016,66.3672,vmcache,1,1,tpcc,128
0,1,128,1,1,32,200,0,6.17.0+,True,fn01,/dev/nvme8n1,69,38795,28.4844,65.8672,vmcache,1,1,tpcc,128
0,1,128,1,1,32,200,0,6.17.0+,True,fn01,/dev/nvme8n1,70,38012,29.0625,65.6914,vmcache,1,1,tpcc,128
0,1,128,1,1,32,200,0,6.17.0+,True,fn01,/dev/nvme8n1,71,36854,28.8594,66.0391,vmcache,1,1,tpcc,128
0,1,128,1,1,32,200,0,6.17.0+,True,fn01,/dev/nvme8n1,72,37909,29.0547,65.6836,vmcache,1,1,tpcc,128
0,1,128,1,1,32,200,0,6.17.0+,True,fn01,/dev/nvme8n1,73,37892,28.9766,65.4336,vmcache,1,1,tpcc,128
0,1,128,1,1,32,200,0,6.17.0+,True,fn01,/dev/nvme8n1,74,38090,29.1523,65.8984,vmcache,1,1,tpcc,128
0,1,128,1,1,32,200,0,6.17.0+,True,fn01,/dev/nvme8n1,75,37391,29.0195,64.7266,vmcache,1,1,tpcc,128
0,1,128,1,1,32,200,0,6.17.0+,True,fn01,/dev/nvme8n1,76,37597,28.9258,65.2305,vmcache,1,1,tpcc,128
0,1,128,1,1,32,200,0,6.17.0+,True,fn01,/dev/nvme8n1,77,38657,28.3555,65.7891,vmcache,1,1,tpcc,128
0,1,128,1,1,32,200,0,6.17.0+,True,fn01,/dev/nvme8n1,78,36964,29.2188,64.9336,vmcache,1,1,tpcc,128
0,1,128,1,1,32,200,0,6.17.0+,True,fn01,/dev/nvme8n1,79,35562,28.9727,64.8203,vmcache,1,1,tpcc,128
0,1,128,1,1,32,200,0,6.17.0+,True,fn01,/dev/nvme8n1,80,36817,29.4297,64.2383,vmcache,1,1,tpcc,128
0,1,128,1,1,32,200,0,6.17.0+,True,fn01,/dev/nvme8n1,81,37401,28.8867,65.3398,vmcache,1,1,tpcc,128
0,1,128,1,1,32,200,0,6.17.0+,True,fn01,/dev/nvme8n1,82,38077,28.8789,65.3164,vmcache,1,1,tpcc,128
0,1,128,1,1,32,200,0,6.17.0+,True,fn01,/dev/nvme8n1,83,36789,29.1719,64.5859,vmcache,1,1,tpcc,128
0,1,128,1,1,32,200,0,6.17.0+,True,fn01,/dev/nvme8n1,84,37126,29.3125,64.7812,vmcache,1,1,tpcc,128
0,1,128,1,1,32,200,0,6.17.0+,True,fn01,/dev/nvme8n1,85,37012,29.2695,65.1289,vmcache,1,1,tpcc,128
0,1,128,1,1,32,200,0,6.17.0+,True,fn01,/dev/nvme8n1,86,36465,29.2266,64.168,vmcache,1,1,tpcc,128
0,1,128,1,1,32,200,0,6.17.0+,True,fn01,/dev/nvme8n1,87,35179,29.1719,63.8984,vmcache,1,1,tpcc,128
0,1,128,1,1,32,200,0,6.17.0+,True,fn01,/dev/nvme8n1,88,37756,28.8359,65.3789,vmcache,1,1,tpcc,128
0,1,128,1,1,32,200,0,6.17.0+,True,fn01,/dev/nvme8n1,89,37627,29.168,65.0859,vmcache,1,1,tpcc,128
0,1,128,1,1,32,200,0,6.17.0+,True,fn01,/dev/nvme8n1,90,36842,29.2148,64.4961,vmcache,1,1,tpcc,128
0,1,128,1,1,32,200,0,6.17.0+,True,fn01,/dev/nvme8n1,91,36443,28.9844,63.9297,vmcache,1,1,tpcc,128
0,1,128,1,1,32,200,0,6.17.0+,True,fn01,/dev/nvme8n1,92,37019,28.4844,64.6289,vmcache,1,1,tpcc,128
0,1,128,1,1,32,200,0,6.17.0+,True,fn01,/dev/nvme8n1,93,35063,29.3672,64.5312,vmcache,1,1,tpcc,128
0,1,128,1,1,32,200,0,6.17.0+,True,fn01,/dev/nvme8n1,94,36827,29.4414,64.625,vmcache,1,1,tpcc,128
0,1,128,1,1,32,200,0,6.17.0+,True,fn01,/dev/nvme8n1,95,36934,29.1445,65.3203,vmcache,1,1,tpcc,128
0,1,128,1,1,32,200,0,6.17.0+,True,fn01,/dev/nvme8n1,96,37504,29.0195,64.9883,vmcache,1,1,tpcc,128
0,1,128,1,1,32,200,0,6.17.0+,True,fn01,/dev/nvme8n1,97,36230,29.3477,64.375,vmcache,1,1,tpcc,128
0,1,128,1,1,32,200,0,6.17.0+,True,fn01,/dev/nvme8n1,98,37270,28.9258,65.0898,vmcache,1,1,tpcc,128
0,1,128,1,1,32,200,0,6.17.0+,True,fn01,/dev/nvme8n1,99,37647,28.7461,64.9609,vmcache,1,1,tpcc,128
0,1,128,1,1,32,200,0,6.17.0+,True,fn01,/dev/nvme8n1,100,36324,29.5625,64.2461,vmcache,1,1,tpcc,128
0,1,128,1,1,32,200,0,6.17.0+,True,fn01,/dev/nvme8n1,101,37514,28.7148,64.8594,vmcache,1,1,tpcc,128
0,1,128,1,1,32,200,0,6.17.0+,True,fn01,/dev/nvme8n1,102,35705,28.793,64.4961,vmcache,1,1,tpcc,128
0,1,128,1,1,32,200,0,6.17.0+,True,fn01,/dev/nvme8n1,103,35953,29.332,63.418,vmcache,1,1,tpcc,128
0,1,128,1,1,32,200,0,6.17.0+,True,fn01,/dev/nvme8n1,104,36209,29.5117,64.8867,vmcache,1,1,tpcc,128
0,1,128,1,1,32,200,0,6.17.0+,True,fn01,/dev/nvme8n1,105,37800,28.8555,64.7031,vmcache,1,1,tpcc,128
0,1,128,1,1,32,200,0,6.17.0+,True,fn01,/dev/nvme8n1,106,37556,29.0781,65.4961,vmcache,1,1,tpcc,128
0,1,128,1,1,32,200,0,6.17.0+,True,fn01,/dev/nvme8n1,107,37384,29.2695,65.0625,vmcache,1,1,tpcc,128
0,1,128,1,1,32,200,0,6.17.0+,True,fn01,/dev/nvme8n1,108,37291,29.1133,65.543,vmcache,1,1,tpcc,128
0,1,128,1,1,32,200,0,6.17.0+,True,fn01,/dev/nvme8n1,109,35096,29.3008,64.3477,vmcache,1,1,tpcc,128
0,1,128,1,1,32,200,0,6.17.0+,True,fn01,/dev/nvme8n1,110,36839,29.1602,64.0352,vmcache,1,1,tpcc,128
0,1,128,1,1,32,200,0,6.17.0+,True,fn01,/dev/nvme8n1,111,36074,29.4922,64.0273,vmcache,1,1,tpcc,128
0,1,128,1,1,32,200,0,6.17.0+,True,fn01,/dev/nvme8n1,112,36701,29.1211,64.3086,vmcache,1,1,tpcc,128
0,1,128,1,1,32,200,0,6.17.0+,True,fn01,/dev/nvme8n1,113,37731,29,65.1992,vmcache,1,1,tpcc,128
0,1,128,1,1,32,200,0,6.17.0+,True,fn01,/dev/nvme8n1,114,37100,29.3164,65.0977,vmcache,1,1,tpcc,128
0,1,128,1,1,32,200,0,6.17.0+,True,fn01,/dev/nvme8n1,115,35995,29.6133,64.0664,vmcache,1,1,tpcc,128
0,1,128,1,1,32,200,0,6.17.0+,True,fn01,/dev/nvme8n1,116,35375,29.3281,63.3281,vmcache,1,1,tpcc,128
0,1,128,1,1,32,200,0,6.17.0+,True,fn01,/dev/nvme8n1,117,34957,28.625,63.5195,vmcache,1,1,tpcc,128
0,1,128,1,1,32,200,0,6.17.0+,True,fn01,/dev/nvme8n1,118,36116,29.3945,64.0078,vmcache,1,1,tpcc,128
0,1,128,1,1,32,200,0,6.17.0+,True,fn01,/dev/nvme8n1,119,36006,29.1445,63.75,vmcache,1,1,tpcc,128
0,1,128,1,1,32,200,0,6.17.0+,True,fn01,/dev/nvme8n1,120,35288,29.4453,63.5703,vmcache,1,1,tpcc,128
0,1,128,1,1,32,200,0,6.17.0+,True,fn01,/dev/nvme8n1,121,36582,28.7617,64.0391,vmcache,1,1,tpcc,128
0,1,128,1,1,32,200,0,6.17.0+,True,fn01,/dev/nvme8n1,122,36020,29.0977,63.4297,vmcache,1,1,tpcc,128
0,1,128,1,1,32,200,0,6.17.0+,True,fn01,/dev/nvme8n1,123,35891,29.0703,63.5547,vmcache,1,1,tpcc,128
0,1,128,1,1,32,200,0,6.17.0+,True,fn01,/dev/nvme8n1,124,36967,28.6484,63.4141,vmcache,1,1,tpcc,128
0,1,128,1,1,32,200,0,6.17.0+,True,fn01,/dev/nvme8n1,125,34090,29.1055,63.3672,vmcache,1,1,tpcc,128
0,1,128,1,1,32,200,0,6.17.0+,True,fn01,/dev/nvme8n1,126,36927,28.4961,64.0039,vmcache,1,1,tpcc,128
0,1,128,1,1,32,200,0,6.17.0+,True,fn01,/dev/nvme8n1,127,35817,29.2734,63.8047,vmcache,1,1,tpcc,128
0,1,128,1,1,32,200,0,6.17.0+,True,fn01,/dev/nvme8n1,128,36108,28.8594,64.0547,vmcache,1,1,tpcc,128
0,1,128,1,1,32,200,0,6.17.0+,True,fn01,/dev/nvme8n1,129,36702,28.9766,64.1055,vmcache,1,1,tpcc,128
0,1,128,1,1,32,200,0,6.17.0+,True,fn01,/dev/nvme8n1,130,36117,29.207,63.8594,vmcache,1,1,tpcc,128
0,1,128,1,1,32,200,0,6.17.0+,True,fn01,/dev/nvme8n1,131,37889,28.3711,64.9844,vmcache,1,1,tpcc,128
0,1,128,1,1,32,200,0,6.17.0+,True,fn01,/dev/nvme8n1,132,34572,29.168,63.5156,vmcache,1,1,tpcc,128
0,1,128,1,1,32,200,0,6.17.0+,True,fn01,/dev/nvme8n1,133,36073,29.2461,63.9453,vmcache,1,1,tpcc,128
0,1,128,1,1,32,200,0,6.17.0+,True,fn01,/dev/nvme8n1,134,36834,28.957,64.5273,vmcache,1,1,tpcc,128
0,1,128,1,1,32,200,0,6.17.0+,True,fn01,/dev/nvme8n1,135,37211,28.668,64.5547,vmcache,1,1,tpcc,128
0,1,128,1,1,32,200,0,6.17.0+,True,fn01,/dev/nvme8n1,136,36165,29.3047,64.4727,vmcache,1,1,tpcc,128
0,1,128,1,1,32,200,0,6.17.0+,True,fn01,/dev/nvme8n1,137,37039,28.6562,64.4141,vmcache,1,1,tpcc,128
0,1,128,1,1,32,200,0,6.17.0+,True,fn01,/dev/nvme8n1,138,36410,29.1133,63.9414,vmcache,1,1,tpcc,128
0,1,128,1,1,32,200,0,6.17.0+,True,fn01,/dev/nvme8n1,139,36992,28.9062,64.4648,vmcache,1,1,tpcc,128
0,1,128,1,1,32,200,0,6.17.0+,True,fn01,/dev/nvme8n1,140,33996,29.6133,63.668,vmcache,1,1,tpcc,128
0,1,128,1,1,32,200,0,6.17.0+,True,fn01,/dev/nvme8n1,141,36178,29.0977,63.5664,vmcache,1,1,tpcc,128
0,1,128,1,1,32,200,0,6.17.0+,True,fn01,/dev/nvme8n1,142,37087,28.7109,64.3008,vmcache,1,1,tpcc,128
0,1,128,1,1,32,200,0,6.17.0+,True,fn01,/dev/nvme8n1,143,36624,28.832,64.4727,vmcache,1,1,tpcc,128
0,1,128,1,1,32,200,0,6.17.0+,True,fn01,/dev/nvme8n1,144,36592,28.707,63.5859,vmcache,1,1,tpcc,128
0,1,128,1,1,32,200,0,6.17.0+,True,fn01,/dev/nvme8n1,145,37553,28.3398,64.9531,vmcache,1,1,tpcc,128
0,1,128,1,1,32,200,0,6.17.0+,True,fn01,/dev/nvme8n1,146,36934,28.6211,64.0742,vmcache,1,1,tpcc,128
0,1,128,1,1,32,200,0,6.17.0+,True,fn01,/dev/nvme8n1,147,35122,28.7539,64.2617,vmcache,1,1,tpcc,128
0,1,128,1,1,32,200,0,6.17.0+,True,fn01,/dev/nvme8n1,148,35429,29.2695,63.7891,vmcache,1,1,tpcc,128
0,1,128,1,1,32,200,0,6.17.0+,True,fn01,/dev/nvme8n1,149,36044,29.2891,63.5898,vmcache,1,1,tpcc,128
0,1,128,1,1,32,200,0,6.17.0+,True,fn01,/dev/nvme8n1,150,37133,28.6641,64.293,vmcache,1,1,tpcc,128
0,1,128,1,1,32,200,0,6.17.0+,True,fn01,/dev/nvme8n1,151,35812,29.5664,64.1602,vmcache,1,1,tpcc,128
0,1,128,1,1,32,200,0,6.17.0+,True,fn01,/dev/nvme8n1,152,35730,29.1406,63.4648,vmcache,1,1,tpcc,128
0,1,128,1,1,32,200,0,6.17.0+,True,fn01,/dev/nvme8n1,153,36241,29.125,63.875,vmcache,1,1,tpcc,128
0,1,128,1,1,32,200,0,6.17.0+,True,fn01,/dev/nvme8n1,154,36692,28.7734,63.3164,vmcache,1,1,tpcc,128
0,1,128,1,1,32,200,0,6.17.0+,True,fn01,/dev/nvme8n1,155,33750,29.0938,63.2422,vmcache,1,1,tpcc,128
0,1,128,1,1,32,200,0,6.17.0+,True,fn01,/dev/nvme8n1,156,35712,28.9805,63.3711,vmcache,1,1,tpcc,128
0,1,128,1,1,32,200,0,6.17.0+,True,fn01,/dev/nvme8n1,157,36489,28.7812,63.7305,vmcache,1,1,tpcc,128
0,1,128,1,1,32,200,0,6.17.0+,True,fn01,/dev/nvme8n1,158,36935,28.5391,64.0547,vmcache,1,1,tpcc,128
0,1,128,1,1,32,200,0,6.17.0+,True,fn01,/dev/nvme8n1,159,37066,28.9258,64.1719,vmcache,1,1,tpcc,128
0,1,128,1,1,32,200,0,6.17.0+,True,fn01,/dev/nvme8n1,160,35992,29.0117,64.0273,vmcache,1,1,tpcc,128
0,1,128,1,1,32,200,0,6.17.0+,True,fn01,/dev/nvme8n1,161,35560,29.3164,63.2578,vmcache,1,1,tpcc,128
0,1,128,1,1,32,200,0,6.17.0+,True,fn01,/dev/nvme8n1,162,36448,28.8242,63.2695,vmcache,1,1,tpcc,128
0,1,128,1,1,32,200,0,6.17.0+,True,fn01,/dev/nvme8n1,163,33760,29.1289,63.0703,vmcache,1,1,tpcc,128
0,1,128,1,1,32,200,0,6.17.0+,True,fn01,/dev/nvme8n1,164,36178,28.6797,63.1523,vmcache,1,1,tpcc,128
0,1,128,1,1,32,200,0,6.17.0+,True,fn01,/dev/nvme8n1,165,35888,29.0547,63.2852,vmcache,1,1,tpcc,128
0,1,128,1,1,32,200,0,6.17.0+,True,fn01,/dev/nvme8n1,166,36328,28.7227,63.4766,vmcache,1,1,tpcc,128
0,1,128,1,1,32,200,0,6.17.0+,True,fn01,/dev/nvme8n1,167,36435,28.6289,63.8125,vmcache,1,1,tpcc,128
0,1,128,1,1,32,200,0,6.17.0+,True,fn01,/dev/nvme8n1,168,35707,28.9961,63.2969,vmcache,1,1,tpcc,128
0,1,128,1,1,32,200,0,6.17.0+,True,fn01,/dev/nvme8n1,169,36800,28.582,63.9688,vmcache,1,1,tpcc,128
0,1,128,1,1,32,200,0,6.17.0+,True,fn01,/dev/nvme8n1,170,35524,28.957,63.2344,vmcache,1,1,tpcc,128
0,1,128,1,1,32,200,0,6.17.0+,True,fn01,/dev/nvme8n1,171,34768,28.4609,62.9062,vmcache,1,1,tpcc,128
0,1,128,1,1,32,200,0,6.17.0+,True,fn01,/dev/nvme8n1,172,36650,28.7383,63.8242,vmcache,1,1,tpcc,128
0,1,128,1,1,32,200,0,6.17.0+,True,fn01,/dev/nvme8n1,173,36599,28.4648,63.6953,vmcache,1,1,tpcc,128
0,1,128,1,1,32,200,0,6.17.0+,True,fn01,/dev/nvme8n1,174,36167,28.9414,63.4336,vmcache,1,1,tpcc,128
0,1,128,1,1,32,200,0,6.17.0+,True,fn01,/dev/nvme8n1,175,36965,28.6719,63.7305,vmcache,1,1,tpcc,128
0,1,128,1,1,32,200,0,6.17.0+,True,fn01,/dev/nvme8n1,176,35959,28.9453,63.7656,vmcache,1,1,tpcc,128
0,1,128,1,1,32,200,0,6.17.0+,True,fn01,/dev/nvme8n1,177,35305,29,63,vmcache,1,1,tpcc,128
0,1,128,1,1,32,200,0,6.17.0+,True,fn01,/dev/nvme8n1,178,36090,28.7617,62.7695,vmcache,1,1,tpcc,128
0,1,128,1,1,32,200,0,6.17.0+,True,fn01,/dev/nvme8n1,179,34289,28.7461,63.5469,vmcache,1,1,tpcc,128
0,1,128,1,1,32,200,0,6.17.0+,True,fn01,/dev/nvme8n1,180,35104,29.2852,62.418,vmcache,1,1,tpcc,128
0,1,128,1,1,32,200,0,6.17.0+,True,fn01,/dev/nvme8n1,181,34643,29.043,62.3594,vmcache,1,1,tpcc,128
0,1,128,1,1,32,200,0,6.17.0+,True,fn01,/dev/nvme8n1,182,36884,28.4414,63.2383,vmcache,1,1,tpcc,128
0,1,128,1,1,32,200,0,6.17.0+,True,fn01,/dev/nvme8n1,183,36610,28.4531,64.1211,vmcache,1,1,tpcc,128
0,1,128,1,1,32,200,0,6.17.0+,True,fn01,/dev/nvme8n1,184,37082,28.1953,63.957,vmcache,1,1,tpcc,128
0,1,128,1,1,32,200,0,6.17.0+,True,fn01,/dev/nvme8n1,185,34426,29.4492,62.0156,vmcache,1,1,tpcc,128
0,1,128,1,1,32,200,0,6.17.0+,True,fn01,/dev/nvme8n1,186,34264,28.8359,63.1875,vmcache,1,1,tpcc,128
0,1,128,1,1,32,200,0,6.17.0+,True,fn01,/dev/nvme8n1,187,36713,28.2188,63.9648,vmcache,1,1,tpcc,128
0,1,128,1,1,32,200,0,6.17.0+,True,fn01,/dev/nvme8n1,188,36028,28.5352,62.8125,vmcache,1,1,tpcc,128
0,1,128,1,1,32,200,0,6.17.0+,True,fn01,/dev/nvme8n1,189,36745,28.3047,64.0391,vmcache,1,1,tpcc,128
0,1,128,1,1,32,200,0,6.17.0+,True,fn01,/dev/nvme8n1,190,35380,29.1602,62.8008,vmcache,1,1,tpcc,128
0,1,128,1,1,32,200,0,6.17.0+,True,fn01,/dev/nvme8n1,191,35487,29.1406,62.8164,vmcache,1,1,tpcc,128
0,1,128,1,1,32,200,0,6.17.0+,True,fn01,/dev/nvme8n1,192,35764,28.8516,63.0586,vmcache,1,1,tpcc,128
0,1,128,1,1,32,200,0,6.17.0+,True,fn01,/dev/nvme8n1,193,34994,29.0312,62.6641,vmcache,1,1,tpcc,128
0,1,128,1,1,32,200,0,6.17.0+,True,fn01,/dev/nvme8n1,194,34369,28.918,63.1562,vmcache,1,1,tpcc,128
0,1,128,1,1,32,200,0,6.17.0+,True,fn01,/dev/nvme8n1,195,36302,28.5703,62.9688,vmcache,1,1,tpcc,128
0,1,128,1,1,32,200,0,6.17.0+,True,fn01,/dev/nvme8n1,196,35640,28.6914,63.1133,vmcache,1,1,tpcc,128
0,1,128,1,1,32,200,0,6.17.0+,True,fn01,/dev/nvme8n1,197,35734,28.6562,62.7695,vmcache,1,1,tpcc,128
0,1,128,1,1,32,200,0,6.17.0+,True,fn01,/dev/nvme8n1,198,36136,28.5234,63.082,vmcache,1,1,tpcc,128
0,1,128,1,1,32,200,0,6.17.0+,True,fn01,/dev/nvme8n1,199,35384,29.0781,63.2031,vmcache,1,1,tpcc,128
0,100,128,1,1,32,200,0,6.17.0+,True,fn01,/dev/nvme8n1,0,411,52.6367,53.0156,vmcache,1,100,tpcc,128
0,100,128,1,1,32,200,0,6.17.0+,True,fn01,/dev/nvme8n1,1,510,52.6797,52.6289,vmcache,1,100,tpcc,128
0,100,128,1,1,32,200,0,6.17.0+,True,fn01,/dev/nvme8n1,2,599,52.5859,52.7656,vmcache,1,100,tpcc,128
0,100,128,1,1,32,200,0,6.17.0+,True,fn01,/dev/nvme8n1,3,565,52.4961,52.2031,vmcache,1,100,tpcc,128
0,100,128,1,1,32,200,0,6.17.0+,True,fn01,/dev/nvme8n1,4,627,52.4219,52.8164,vmcache,1,100,tpcc,128
0,100,128,1,1,32,200,0,6.17.0+,True,fn01,/dev/nvme8n1,5,801,52.2969,52.457,vmcache,1,100,tpcc,128
0,100,128,1,1,32,200,0,6.17.0+,True,fn01,/dev/nvme8n1,6,780,52.1836,52.5977,vmcache,1,100,tpcc,128
0,100,128,1,1,32,200,0,6.17.0+,True,fn01,/dev/nvme8n1,7,1059,51.9062,52.6758,vmcache,1,100,tpcc,128
0,100,128,1,1,32,200,0,6.17.0+,True,fn01,/dev/nvme8n1,8,1023,51.8047,52.9648,vmcache,1,100,tpcc,128
0,100,128,1,1,32,200,0,6.17.0+,True,fn01,/dev/nvme8n1,9,1203,51.793,52.0234,vmcache,1,100,tpcc,128
0,100,128,1,1,32,200,0,6.17.0+,True,fn01,/dev/nvme8n1,10,994,51.6836,52.8906,vmcache,1,100,tpcc,128
0,100,128,1,1,32,200,0,6.17.0+,True,fn01,/dev/nvme8n1,11,1101,51.5938,52.1602,vmcache,1,100,tpcc,128
0,100,128,1,1,32,200,0,6.17.0+,True,fn01,/dev/nvme8n1,12,1291,51.3438,52.375,vmcache,1,100,tpcc,128
0,100,128,1,1,32,200,0,6.17.0+,True,fn01,/dev/nvme8n1,13,1200,51.5078,50.6758,vmcache,1,100,tpcc,128
0,100,128,1,1,32,200,0,6.17.0+,True,fn01,/dev/nvme8n1,14,1432,51.2812,49.9297,vmcache,1,100,tpcc,128
0,100,128,1,1,32,200,0,6.17.0+,True,fn01,/dev/nvme8n1,15,1460,51.1914,47.6406,vmcache,1,100,tpcc,128
0,100,128,1,1,32,200,0,6.17.0+,True,fn01,/dev/nvme8n1,16,1524,51.2656,45.707,vmcache,1,100,tpcc,128
0,100,128,1,1,32,200,0,6.17.0+,True,fn01,/dev/nvme8n1,17,1466,51.3438,41.1055,vmcache,1,100,tpcc,128
0,100,128,1,1,32,200,0,6.17.0+,True,fn01,/dev/nvme8n1,18,1647,51.2227,36.6562,vmcache,1,100,tpcc,128
0,100,128,1,1,32,200,0,6.17.0+,True,fn01,/dev/nvme8n1,19,1718,51.2461,31.9922,vmcache,1,100,tpcc,128
0,100,128,1,1,32,200,0,6.17.0+,True,fn01,/dev/nvme8n1,20,1656,51.5039,24.6328,vmcache,1,100,tpcc,128
0,100,128,1,1,32,200,0,6.17.0+,True,fn01,/dev/nvme8n1,21,1672,51.7109,22.0938,vmcache,1,100,tpcc,128
0,100,128,1,1,32,200,0,6.17.0+,True,fn01,/dev/nvme8n1,22,1796,51.4062,22.5469,vmcache,1,100,tpcc,128
0,100,128,1,1,32,200,0,6.17.0+,True,fn01,/dev/nvme8n1,23,1856,51.5312,22.6992,vmcache,1,100,tpcc,128
0,100,128,1,1,32,200,0,6.17.0+,True,fn01,/dev/nvme8n1,24,1822,51.3555,23.8398,vmcache,1,100,tpcc,128
0,100,128,1,1,32,200,0,6.17.0+,True,fn01,/dev/nvme8n1,25,1759,51.543,24.1328,vmcache,1,100,tpcc,128
0,100,128,1,1,32,200,0,6.17.0+,True,fn01,/dev/nvme8n1,26,1739,51.2969,24.2812,vmcache,1,100,tpcc,128
0,100,128,1,1,32,200,0,6.17.0+,True,fn01,/dev/nvme8n1,27,1837,51.3086,25.2344,vmcache,1,100,tpcc,128
0,100,128,1,1,32,200,0,6.17.0+,True,fn01,/dev/nvme8n1,28,1892,51.4531,25.4102,vmcache,1,100,tpcc,128
0,100,128,1,1,32,200,0,6.17.0+,True,fn01,/dev/nvme8n1,29,1909,51.2578,26.707,vmcache,1,100,tpcc,128
0,100,128,1,1,32,200,0,6.17.0+,True,fn01,/dev/nvme8n1,30,1906,51.2656,26.7109,vmcache,1,100,tpcc,128
0,100,128,1,1,32,200,0,6.17.0+,True,fn01,/dev/nvme8n1,31,1761,51.2891,27.2383,vmcache,1,100,tpcc,128
0,100,128,1,1,32,200,0,6.17.0+,True,fn01,/dev/nvme8n1,32,1888,51.1602,27.8672,vmcache,1,100,tpcc,128
0,100,128,1,1,32,200,0,6.17.0+,True,fn01,/dev/nvme8n1,33,2066,51.0508,28.6211,vmcache,1,100,tpcc,128
0,100,128,1,1,32,200,0,6.17.0+,True,fn01,/dev/nvme8n1,34,1988,51.0273,29.3867,vmcache,1,100,tpcc,128
0,100,128,1,1,32,200,0,6.17.0+,True,fn01,/dev/nvme8n1,35,1959,50.9844,29.8945,vmcache,1,100,tpcc,128
0,100,128,1,1,32,200,0,6.17.0+,True,fn01,/dev/nvme8n1,36,1922,51.1055,29.7773,vmcache,1,100,tpcc,128
0,100,128,1,1,32,200,0,6.17.0+,True,fn01,/dev/nvme8n1,37,1902,51.1289,29.9609,vmcache,1,100,tpcc,128
0,100,128,1,1,32,200,0,6.17.0+,True,fn01,/dev/nvme8n1,38,1954,51.0625,29.5469,vmcache,1,100,tpcc,128
0,100,128,1,1,32,200,0,6.17.0+,True,fn01,/dev/nvme8n1,39,1908,51.0391,30.0859,vmcache,1,100,tpcc,128
0,100,128,1,1,32,200,0,6.17.0+,True,fn01,/dev/nvme8n1,40,2197,51,31.0039,vmcache,1,100,tpcc,128
0,100,128,1,1,32,200,0,6.17.0+,True,fn01,/dev/nvme8n1,41,1976,50.8906,31.832,vmcache,1,100,tpcc,128
0,100,128,1,1,32,200,0,6.17.0+,True,fn01,/dev/nvme8n1,42,2015,51.0469,32.1367,vmcache,1,100,tpcc,128
0,100,128,1,1,32,200,0,6.17.0+,True,fn01,/dev/nvme8n1,43,2071,51.043,33.0039,vmcache,1,100,tpcc,128
0,100,128,1,1,32,200,0,6.17.0+,True,fn01,/dev/nvme8n1,44,2020,51.0234,33.0039,vmcache,1,100,tpcc,128
0,100,128,1,1,32,200,0,6.17.0+,True,fn01,/dev/nvme8n1,45,2053,50.8594,33.0938,vmcache,1,100,tpcc,128
0,100,128,1,1,32,200,0,6.17.0+,True,fn01,/dev/nvme8n1,46,2096,50.6719,33.5508,vmcache,1,100,tpcc,128
0,100,128,1,1,32,200,0,6.17.0+,True,fn01,/dev/nvme8n1,47,2037,50.9141,34.125,vmcache,1,100,tpcc,128
0,100,128,1,1,32,200,0,6.17.0+,True,fn01,/dev/nvme8n1,48,2067,50.7578,33.9648,vmcache,1,100,tpcc,128
0,100,128,1,1,32,200,0,6.17.0+,True,fn01,/dev/nvme8n1,49,2068,50.832,33.625,vmcache,1,100,tpcc,128
0,100,128,1,1,32,200,0,6.17.0+,True,fn01,/dev/nvme8n1,50,2043,50.918,34.3047,vmcache,1,100,tpcc,128
0,100,128,1,1,32,200,0,6.17.0+,True,fn01,/dev/nvme8n1,51,1917,50.7148,35.0625,vmcache,1,100,tpcc,128
0,100,128,1,1,32,200,0,6.17.0+,True,fn01,/dev/nvme8n1,52,2119,50.8125,34.7109,vmcache,1,100,tpcc,128
0,100,128,1,1,32,200,0,6.17.0+,True,fn01,/dev/nvme8n1,53,1981,50.7578,35.0938,vmcache,1,100,tpcc,128
0,100,128,1,1,32,200,0,6.17.0+,True,fn01,/dev/nvme8n1,54,2113,50.8945,34.5469,vmcache,1,100,tpcc,128
0,100,128,1,1,32,200,0,6.17.0+,True,fn01,/dev/nvme8n1,55,2182,50.6172,34.7656,vmcache,1,100,tpcc,128
0,100,128,1,1,32,200,0,6.17.0+,True,fn01,/dev/nvme8n1,56,2171,50.9102,35.3945,vmcache,1,100,tpcc,128
0,100,128,1,1,32,200,0,6.17.0+,True,fn01,/dev/nvme8n1,57,1990,50.9258,35.2188,vmcache,1,100,tpcc,128
0,100,128,1,1,32,200,0,6.17.0+,True,fn01,/dev/nvme8n1,58,1985,50.7852,34.8477,vmcache,1,100,tpcc,128
0,100,128,1,1,32,200,0,6.17.0+,True,fn01,/dev/nvme8n1,59,2094,50.875,34.7773,vmcache,1,100,tpcc,128
0,100,128,1,1,32,200,0,6.17.0+,True,fn01,/dev/nvme8n1,60,2010,50.9297,35.0312,vmcache,1,100,tpcc,128
0,100,128,1,1,32,200,0,6.17.0+,True,fn01,/dev/nvme8n1,61,2077,50.5547,35.3828,vmcache,1,100,tpcc,128
0,100,128,1,1,32,200,0,6.17.0+,True,fn01,/dev/nvme8n1,62,1955,50.7773,35.0273,vmcache,1,100,tpcc,128
0,100,128,1,1,32,200,0,6.17.0+,True,fn01,/dev/nvme8n1,63,2002,50.6719,35.1523,vmcache,1,100,tpcc,128
0,100,128,1,1,32,200,0,6.17.0+,True,fn01,/dev/nvme8n1,64,1923,50.9258,35.1289,vmcache,1,100,tpcc,128
0,100,128,1,1,32,200,0,6.17.0+,True,fn01,/dev/nvme8n1,65,1990,50.8164,35.4961,vmcache,1,100,tpcc,128
0,100,128,1,1,32,200,0,6.17.0+,True,fn01,/dev/nvme8n1,66,1888,51.0938,35.875,vmcache,1,100,tpcc,128
0,100,128,1,1,32,200,0,6.17.0+,True,fn01,/dev/nvme8n1,67,2144,50.7539,35.9336,vmcache,1,100,tpcc,128
0,100,128,1,1,32,200,0,6.17.0+,True,fn01,/dev/nvme8n1,68,1936,50.8594,35.543,vmcache,1,100,tpcc,128
0,100,128,1,1,32,200,0,6.17.0+,True,fn01,/dev/nvme8n1,69,2108,51.0273,35.2305,vmcache,1,100,tpcc,128
0,100,128,1,1,32,200,0,6.17.0+,True,fn01,/dev/nvme8n1,70,1930,50.8633,35.2539,vmcache,1,100,tpcc,128
0,100,128,1,1,32,200,0,6.17.0+,True,fn01,/dev/nvme8n1,71,2076,50.7969,34.8086,vmcache,1,100,tpcc,128
0,100,128,1,1,32,200,0,6.17.0+,True,fn01,/dev/nvme8n1,72,2043,50.7539,34.6602,vmcache,1,100,tpcc,128
0,100,128,1,1,32,200,0,6.17.0+,True,fn01,/dev/nvme8n1,73,1962,50.9219,35.0273,vmcache,1,100,tpcc,128
0,100,128,1,1,32,200,0,6.17.0+,True,fn01,/dev/nvme8n1,74,2045,50.9258,35.1016,vmcache,1,100,tpcc,128
0,100,128,1,1,32,200,0,6.17.0+,True,fn01,/dev/nvme8n1,75,2028,50.7891,34.2148,vmcache,1,100,tpcc,128
0,100,128,1,1,32,200,0,6.17.0+,True,fn01,/dev/nvme8n1,76,2150,50.7656,34.7773,vmcache,1,100,tpcc,128
0,100,128,1,1,32,200,0,6.17.0+,True,fn01,/dev/nvme8n1,77,2108,50.9414,34.6367,vmcache,1,100,tpcc,128
0,100,128,1,1,32,200,0,6.17.0+,True,fn01,/dev/nvme8n1,78,1994,50.7617,34.2773,vmcache,1,100,tpcc,128
0,100,128,1,1,32,200,0,6.17.0+,True,fn01,/dev/nvme8n1,79,2135,50.8281,34.1211,vmcache,1,100,tpcc,128
0,100,128,1,1,32,200,0,6.17.0+,True,fn01,/dev/nvme8n1,80,2028,50.7969,34.8438,vmcache,1,100,tpcc,128
0,100,128,1,1,32,200,0,6.17.0+,True,fn01,/dev/nvme8n1,81,2154,50.7617,35.0742,vmcache,1,100,tpcc,128
0,100,128,1,1,32,200,0,6.17.0+,True,fn01,/dev/nvme8n1,82,2025,50.918,34.832,vmcache,1,100,tpcc,128
0,100,128,1,1,32,200,0,6.17.0+,True,fn01,/dev/nvme8n1,83,2091,50.707,34.6719,vmcache,1,100,tpcc,128
0,100,128,1,1,32,200,0,6.17.0+,True,fn01,/dev/nvme8n1,84,2051,50.8086,35.3438,vmcache,1,100,tpcc,128
0,100,128,1,1,32,200,0,6.17.0+,True,fn01,/dev/nvme8n1,85,2150,50.8398,34.9414,vmcache,1,100,tpcc,128
0,100,128,1,1,32,200,0,6.17.0+,True,fn01,/dev/nvme8n1,86,1968,50.9414,34.6211,vmcache,1,100,tpcc,128
0,100,128,1,1,32,200,0,6.17.0+,True,fn01,/dev/nvme8n1,87,2022,50.8633,35.0508,vmcache,1,100,tpcc,128
0,100,128,1,1,32,200,0,6.17.0+,True,fn01,/dev/nvme8n1,88,2048,50.8047,35.3555,vmcache,1,100,tpcc,128
0,100,128,1,1,32,200,0,6.17.0+,True,fn01,/dev/nvme8n1,89,1884,51.0352,35.6445,vmcache,1,100,tpcc,128
0,100,128,1,1,32,200,0,6.17.0+,True,fn01,/dev/nvme8n1,90,2030,50.6992,35.5039,vmcache,1,100,tpcc,128
0,100,128,1,1,32,200,0,6.17.0+,True,fn01,/dev/nvme8n1,91,2116,50.5625,35.4766,vmcache,1,100,tpcc,128
0,100,128,1,1,32,200,0,6.17.0+,True,fn01,/dev/nvme8n1,92,1838,50.8945,35.9531,vmcache,1,100,tpcc,128
0,100,128,1,1,32,200,0,6.17.0+,True,fn01,/dev/nvme8n1,93,2107,50.8867,36.1055,vmcache,1,100,tpcc,128
0,100,128,1,1,32,200,0,6.17.0+,True,fn01,/dev/nvme8n1,94,2040,50.8281,35.668,vmcache,1,100,tpcc,128
0,100,128,1,1,32,200,0,6.17.0+,True,fn01,/dev/nvme8n1,95,1907,50.7773,35.5078,vmcache,1,100,tpcc,128
0,100,128,1,1,32,200,0,6.17.0+,True,fn01,/dev/nvme8n1,96,2099,50.5977,34.3594,vmcache,1,100,tpcc,128
0,100,128,1,1,32,200,0,6.17.0+,True,fn01,/dev/nvme8n1,97,2018,50.7812,35.3008,vmcache,1,100,tpcc,128
0,100,128,1,1,32,200,0,6.17.0+,True,fn01,/dev/nvme8n1,98,2064,50.8555,35.332,vmcache,1,100,tpcc,128
0,100,128,1,1,32,200,0,6.17.0+,True,fn01,/dev/nvme8n1,99,1910,50.6484,35.4531,vmcache,1,100,tpcc,128
0,100,128,1,1,32,200,0,6.17.0+,True,fn01,/dev/nvme8n1,100,2125,50.8984,35.1953,vmcache,1,100,tpcc,128
0,100,128,1,1,32,200,0,6.17.0+,True,fn01,/dev/nvme8n1,101,2151,50.5625,34.7461,vmcache,1,100,tpcc,128
0,100,128,1,1,32,200,0,6.17.0+,True,fn01,/dev/nvme8n1,102,1970,50.8477,34.9805,vmcache,1,100,tpcc,128
0,100,128,1,1,32,200,0,6.17.0+,True,fn01,/dev/nvme8n1,103,1982,50.9102,35.4336,vmcache,1,100,tpcc,128
0,100,128,1,1,32,200,0,6.17.0+,True,fn01,/dev/nvme8n1,104,2039,50.6445,35.0117,vmcache,1,100,tpcc,128
0,100,128,1,1,32,200,0,6.17.0+,True,fn01,/dev/nvme8n1,105,1951,50.7969,34.8125,vmcache,1,100,tpcc,128
0,100,128,1,1,32,200,0,6.17.0+,True,fn01,/dev/nvme8n1,106,2047,50.9414,35.3555,vmcache,1,100,tpcc,128
0,100,128,1,1,32,200,0,6.17.0+,True,fn01,/dev/nvme8n1,107,2157,50.6211,35.0391,vmcache,1,100,tpcc,128
0,100,128,1,1,32,200,0,6.17.0+,True,fn01,/dev/nvme8n1,108,2012,50.7305,34.8594,vmcache,1,100,tpcc,128
0,100,128,1,1,32,200,0,6.17.0+,True,fn01,/dev/nvme8n1,109,2116,50.7617,34.8242,vmcache,1,100,tpcc,128
0,100,128,1,1,32,200,0,6.17.0+,True,fn01,/dev/nvme8n1,110,2005,50.7383,35.6328,vmcache,1,100,tpcc,128
0,100,128,1,1,32,200,0,6.17.0+,True,fn01,/dev/nvme8n1,111,1958,50.832,35.7812,vmcache,1,100,tpcc,128
0,100,128,1,1,32,200,0,6.17.0+,True,fn01,/dev/nvme8n1,112,1942,50.7031,35.0625,vmcache,1,100,tpcc,128
0,100,128,1,1,32,200,0,6.17.0+,True,fn01,/dev/nvme8n1,113,2078,50.8906,35.4141,vmcache,1,100,tpcc,128
0,100,128,1,1,32,200,0,6.17.0+,True,fn01,/dev/nvme8n1,114,2129,50.8945,35.2695,vmcache,1,100,tpcc,128
0,100,128,1,1,32,200,0,6.17.0+,True,fn01,/dev/nvme8n1,115,2021,50.6719,35.1953,vmcache,1,100,tpcc,128
0,100,128,1,1,32,200,0,6.17.0+,True,fn01,/dev/nvme8n1,116,2063,50.8789,35.1562,vmcache,1,100,tpcc,128
0,100,128,1,1,32,200,0,6.17.0+,True,fn01,/dev/nvme8n1,117,2089,50.8164,35.1328,vmcache,1,100,tpcc,128
0,100,128,1,1,32,200,0,6.17.0+,True,fn01,/dev/nvme8n1,118,2037,50.7266,35.332,vmcache,1,100,tpcc,128
0,100,128,1,1,32,200,0,6.17.0+,True,fn01,/dev/nvme8n1,119,2003,50.6602,35.3945,vmcache,1,100,tpcc,128
0,100,128,1,1,32,200,0,6.17.0+,True,fn01,/dev/nvme8n1,120,1927,50.957,35.7656,vmcache,1,100,tpcc,128
0,100,128,1,1,32,200,0,6.17.0+,True,fn01,/dev/nvme8n1,121,2068,50.6953,35.4141,vmcache,1,100,tpcc,128
0,100,128,1,1,32,200,0,6.17.0+,True,fn01,/dev/nvme8n1,122,2019,50.7031,35.4805,vmcache,1,100,tpcc,128
0,100,128,1,1,32,200,0,6.17.0+,True,fn01,/dev/nvme8n1,123,2113,50.5469,35.3164,vmcache,1,100,tpcc,128
0,100,128,1,1,32,200,0,6.17.0+,True,fn01,/dev/nvme8n1,124,2107,50.8906,34.6641,vmcache,1,100,tpcc,128
0,100,128,1,1,32,200,0,6.17.0+,True,fn01,/dev/nvme8n1,125,2018,50.6953,35.168,vmcache,1,100,tpcc,128
0,100,128,1,1,32,200,0,6.17.0+,True,fn01,/dev/nvme8n1,126,2024,50.6797,35.2852,vmcache,1,100,tpcc,128
0,100,128,1,1,32,200,0,6.17.0+,True,fn01,/dev/nvme8n1,127,2158,50.6836,34.6836,vmcache,1,100,tpcc,128
0,100,128,1,1,32,200,0,6.17.0+,True,fn01,/dev/nvme8n1,128,1938,50.793,35.4062,vmcache,1,100,tpcc,128
0,100,128,1,1,32,200,0,6.17.0+,True,fn01,/dev/nvme8n1,129,1959,50.6328,35.2773,vmcache,1,100,tpcc,128
0,100,128,1,1,32,200,0,6.17.0+,True,fn01,/dev/nvme8n1,130,2096,50.6094,35.0898,vmcache,1,100,tpcc,128
0,100,128,1,1,32,200,0,6.17.0+,True,fn01,/dev/nvme8n1,131,2027,50.5898,35.2305,vmcache,1,100,tpcc,128
0,100,128,1,1,32,200,0,6.17.0+,True,fn01,/dev/nvme8n1,132,2124,50.8008,35.168,vmcache,1,100,tpcc,128
0,100,128,1,1,32,200,0,6.17.0+,True,fn01,/dev/nvme8n1,133,1966,50.4688,34.625,vmcache,1,100,tpcc,128
0,100,128,1,1,32,200,0,6.17.0+,True,fn01,/dev/nvme8n1,134,2008,50.8672,35.375,vmcache,1,100,tpcc,128
0,100,128,1,1,32,200,0,6.17.0+,True,fn01,/dev/nvme8n1,135,2011,50.5586,34.6406,vmcache,1,100,tpcc,128
0,100,128,1,1,32,200,0,6.17.0+,True,fn01,/dev/nvme8n1,136,2235,50.7031,34.5742,vmcache,1,100,tpcc,128
0,100,128,1,1,32,200,0,6.17.0+,True,fn01,/dev/nvme8n1,137,2015,50.7852,35.0156,vmcache,1,100,tpcc,128
0,100,128,1,1,32,200,0,6.17.0+,True,fn01,/dev/nvme8n1,138,2166,50.9453,34.8242,vmcache,1,100,tpcc,128
0,100,128,1,1,32,200,0,6.17.0+,True,fn01,/dev/nvme8n1,139,1877,50.8203,35.4531,vmcache,1,100,tpcc,128
0,100,128,1,1,32,200,0,6.17.0+,True,fn01,/dev/nvme8n1,140,2063,50.6836,35.6836,vmcache,1,100,tpcc,128
0,100,128,1,1,32,200,0,6.17.0+,True,fn01,/dev/nvme8n1,141,1926,50.8203,34.8711,vmcache,1,100,tpcc,128
0,100,128,1,1,32,200,0,6.17.0+,True,fn01,/dev/nvme8n1,142,2033,50.9922,35.082,vmcache,1,100,tpcc,128
0,100,128,1,1,32,200,0,6.17.0+,True,fn01,/dev/nvme8n1,143,2041,50.7109,34.7812,vmcache,1,100,tpcc,128
0,100,128,1,1,32,200,0,6.17.0+,True,fn01,/dev/nvme8n1,144,2110,50.7734,35.0117,vmcache,1,100,tpcc,128
0,100,128,1,1,32,200,0,6.17.0+,True,fn01,/dev/nvme8n1,145,2047,50.7539,35.6953,vmcache,1,100,tpcc,128
0,100,128,1,1,32,200,0,6.17.0+,True,fn01,/dev/nvme8n1,146,2047,50.8125,34.7383,vmcache,1,100,tpcc,128
0,100,128,1,1,32,200,0,6.17.0+,True,fn01,/dev/nvme8n1,147,1894,50.7617,35.1406,vmcache,1,100,tpcc,128
0,100,128,1,1,32,200,0,6.17.0+,True,fn01,/dev/nvme8n1,148,1982,50.6875,35.7109,vmcache,1,100,tpcc,128
0,100,128,1,1,32,200,0,6.17.0+,True,fn01,/dev/nvme8n1,149,2035,50.6758,35.0781,vmcache,1,100,tpcc,128
0,100,128,1,1,32,200,0,6.17.0+,True,fn01,/dev/nvme8n1,150,2118,50.6641,35.293,vmcache,1,100,tpcc,128
0,100,128,1,1,32,200,0,6.17.0+,True,fn01,/dev/nvme8n1,151,1919,50.8047,35.2539,vmcache,1,100,tpcc,128
0,100,128,1,1,32,200,0,6.17.0+,True,fn01,/dev/nvme8n1,152,1952,50.7188,35.2695,vmcache,1,100,tpcc,128
0,100,128,1,1,32,200,0,6.17.0+,True,fn01,/dev/nvme8n1,153,2153,50.8242,34.9375,vmcache,1,100,tpcc,128
0,100,128,1,1,32,200,0,6.17.0+,True,fn01,/dev/nvme8n1,154,2080,50.8555,35.5508,vmcache,1,100,tpcc,128
0,100,128,1,1,32,200,0,6.17.0+,True,fn01,/dev/nvme8n1,155,1878,50.7617,34.8242,vmcache,1,100,tpcc,128
0,100,128,1,1,32,200,0,6.17.0+,True,fn01,/dev/nvme8n1,156,2186,50.6992,35.0898,vmcache,1,100,tpcc,128
0,100,128,1,1,32,200,0,6.17.0+,True,fn01,/dev/nvme8n1,157,2012,50.8516,35.1055,vmcache,1,100,tpcc,128
0,100,128,1,1,32,200,0,6.17.0+,True,fn01,/dev/nvme8n1,158,2105,50.875,34.8867,vmcache,1,100,tpcc,128
0,100,128,1,1,32,200,0,6.17.0+,True,fn01,/dev/nvme8n1,159,1912,50.8672,34.1758,vmcache,1,100,tpcc,128
0,100,128,1,1,32,200,0,6.17.0+,True,fn01,/dev/nvme8n1,160,2040,50.8164,35.4258,vmcache,1,100,tpcc,128
0,100,128,1,1,32,200,0,6.17.0+,True,fn01,/dev/nvme8n1,161,1904,50.5508,35.5195,vmcache,1,100,tpcc,128
0,100,128,1,1,32,200,0,6.17.0+,True,fn01,/dev/nvme8n1,162,2109,50.875,34.9062,vmcache,1,100,tpcc,128
0,100,128,1,1,32,200,0,6.17.0+,True,fn01,/dev/nvme8n1,163,1934,50.8945,35.1484,vmcache,1,100,tpcc,128
0,100,128,1,1,32,200,0,6.17.0+,True,fn01,/dev/nvme8n1,164,2059,50.7773,35.1641,vmcache,1,100,tpcc,128
0,100,128,1,1,32,200,0,6.17.0+,True,fn01,/dev/nvme8n1,165,2031,50.7656,34.707,vmcache,1,100,tpcc,128
0,100,128,1,1,32,200,0,6.17.0+,True,fn01,/dev/nvme8n1,166,2013,50.7227,34.8242,vmcache,1,100,tpcc,128
0,100,128,1,1,32,200,0,6.17.0+,True,fn01,/dev/nvme8n1,167,2002,51.0859,34.9688,vmcache,1,100,tpcc,128
0,100,128,1,1,32,200,0,6.17.0+,True,fn01,/dev/nvme8n1,168,1933,50.7773,34.9062,vmcache,1,100,tpcc,128
0,100,128,1,1,32,200,0,6.17.0+,True,fn01,/dev/nvme8n1,169,2138,50.8242,35.5547,vmcache,1,100,tpcc,128
0,100,128,1,1,32,200,0,6.17.0+,True,fn01,/dev/nvme8n1,170,2028,50.8477,34.9492,vmcache,1,100,tpcc,128
0,100,128,1,1,32,200,0,6.17.0+,True,fn01,/dev/nvme8n1,171,2039,50.7383,36.0078,vmcache,1,100,tpcc,128
0,100,128,1,1,32,200,0,6.17.0+,True,fn01,/dev/nvme8n1,172,2126,50.5664,35.3359,vmcache,1,100,tpcc,128
0,100,128,1,1,32,200,0,6.17.0+,True,fn01,/dev/nvme8n1,173,1968,50.8281,35.1602,vmcache,1,100,tpcc,128
0,100,128,1,1,32,200,0,6.17.0+,True,fn01,/dev/nvme8n1,174,2061,50.9492,34.9492,vmcache,1,100,tpcc,128
0,100,128,1,1,32,200,0,6.17.0+,True,fn01,/dev/nvme8n1,175,1850,50.8672,34.7266,vmcache,1,100,tpcc,128
0,100,128,1,1,32,200,0,6.17.0+,True,fn01,/dev/nvme8n1,176,1993,50.8672,35.0977,vmcache,1,100,tpcc,128
0,100,128,1,1,32,200,0,6.17.0+,True,fn01,/dev/nvme8n1,177,2069,50.918,34.5781,vmcache,1,100,tpcc,128
0,100,128,1,1,32,200,0,6.17.0+,True,fn01,/dev/nvme8n1,178,2000,50.668,35.0078,vmcache,1,100,tpcc,128
0,100,128,1,1,32,200,0,6.17.0+,True,fn01,/dev/nvme8n1,179,2061,50.5273,34.9531,vmcache,1,100,tpcc,128
0,100,128,1,1,32,200,0,6.17.0+,True,fn01,/dev/nvme8n1,180,2158,50.8633,34.6367,vmcache,1,100,tpcc,128
0,100,128,1,1,32,200,0,6.17.0+,True,fn01,/dev/nvme8n1,181,2056,50.793,35.3789,vmcache,1,100,tpcc,128
0,100,128,1,1,32,200,0,6.17.0+,True,fn01,/dev/nvme8n1,182,2182,50.7305,35.0859,vmcache,1,100,tpcc,128
0,100,128,1,1,32,200,0,6.17.0+,True,fn01,/dev/nvme8n1,183,2130,50.6875,34.6328,vmcache,1,100,tpcc,128
0,100,128,1,1,32,200,0,6.17.0+,True,fn01,/dev/nvme8n1,184,2030,50.9375,34.5586,vmcache,1,100,tpcc,128
0,100,128,1,1,32,200,0,6.17.0+,True,fn01,/dev/nvme8n1,185,2081,50.6719,35.1289,vmcache,1,100,tpcc,128
0,100,128,1,1,32,200,0,6.17.0+,True,fn01,/dev/nvme8n1,186,1928,50.7852,34.168,vmcache,1,100,tpcc,128
0,100,128,1,1,32,200,0,6.17.0+,True,fn01,/dev/nvme8n1,187,1964,51.0117,35.4531,vmcache,1,100,tpcc,128
0,100,128,1,1,32,200,0,6.17.0+,True,fn01,/dev/nvme8n1,188,2057,50.918,35.3164,vmcache,1,100,tpcc,128
0,100,128,1,1,32,200,0,6.17.0+,True,fn01,/dev/nvme8n1,189,1999,50.8477,35.3633,vmcache,1,100,tpcc,128
0,100,128,1,1,32,200,0,6.17.0+,True,fn01,/dev/nvme8n1,190,2006,50.7891,35.9258,vmcache,1,100,tpcc,128
0,100,128,1,1,32,200,0,6.17.0+,True,fn01,/dev/nvme8n1,191,2007,50.707,35.8281,vmcache,1,100,tpcc,128
0,100,128,1,1,32,200,0,6.17.0+,True,fn01,/dev/nvme8n1,192,2052,50.7734,35.7773,vmcache,1,100,tpcc,128
0,100,128,1,1,32,200,0,6.17.0+,True,fn01,/dev/nvme8n1,193,2043,50.8008,35.4023,vmcache,1,100,tpcc,128
0,100,128,1,1,32,200,0,6.17.0+,True,fn01,/dev/nvme8n1,194,1972,51.0625,35.625,vmcache,1,100,tpcc,128
0,100,128,1,1,32,200,0,6.17.0+,True,fn01,/dev/nvme8n1,195,1953,50.8047,34.9883,vmcache,1,100,tpcc,128
0,100,128,1,1,32,200,0,6.17.0+,True,fn01,/dev/nvme8n1,196,2100,50.8477,34.8047,vmcache,1,100,tpcc,128
0,100,128,1,1,32,200,0,6.17.0+,True,fn01,/dev/nvme8n1,197,2194,50.8516,35.2734,vmcache,1,100,tpcc,128
0,100,128,1,1,32,200,0,6.17.0+,True,fn01,/dev/nvme8n1,198,2016,50.7305,35.3477,vmcache,1,100,tpcc,128
0,100,128,1,1,32,200,0,6.17.0+,True,fn01,/dev/nvme8n1,199,2159,50.7227,34.8008,vmcache,1,100,tpcc,128
