run,core_id,tcp,reg_ring,reg_fds,reg_bufs,napi,setup_mode,ping_size,resp_delay,duration,num_threads,pin_queues,rx_queue,kernel,mitigations,mtu,node,avg,min,max,std,samples
0,8,False,False,False,False,False,sqpoll,8,0,30000,1,True,10,6.15.0,True,9000,fn05,20829.041666666668,20530,21420,231.09954189458898,240
0,8,False,False,False,False,False,sqpoll,8,0,30000,1,True,10,6.15.0,True,9000,fn06,20829.041666666668,20530,21420,231.09954189458898,240
0,8,False,False,False,False,False,sqpoll,8,0,30000,1,True,18,6.15.0,True,9000,fn05,23457.875,22870,25730,653.7851846809725,240
0,8,False,False,False,False,False,sqpoll,8,0,30000,1,True,18,6.15.0,True,9000,fn06,23457.875,22870,25730,653.7851846809725,240
0,8,False,False,False,False,False,defer,8,0,30000,1,True,10,6.15.0,True,9000,fn05,25561.541666666668,24980,28010,763.4011876227917,240
0,8,False,False,False,False,False,defer,8,0,30000,1,True,10,6.15.0,True,9000,fn06,25561.541666666668,24980,28010,763.4011876227917,240
0,8,False,False,False,False,False,defer,8,0,30000,1,True,18,6.15.0,True,9000,fn05,29177.833333333332,28310,31980,1093.386698392761,240
0,8,False,False,False,False,False,defer,8,0,30000,1,True,18,6.15.0,True,9000,fn06,29177.833333333332,28310,31980,1093.386698392761,240
0,8,False,True,False,False,False,sqpoll,8,0,30000,1,True,10,6.15.0,True,9000,fn05,20788.0,20540,21390,203.2223740962922,240
0,8,False,True,False,False,False,sqpoll,8,0,30000,1,True,10,6.15.0,True,9000,fn06,20788.0,20540,21390,203.2223740962922,240
0,8,False,True,False,False,False,sqpoll,8,0,30000,1,True,18,6.15.0,True,9000,fn05,23460.916666666668,22900,25620,418.6515970615928,240
0,8,False,True,False,False,False,sqpoll,8,0,30000,1,True,18,6.15.0,True,9000,fn06,23460.916666666668,22900,25620,418.6515970615928,240
0,8,False,True,False,False,False,defer,8,0,30000,1,True,10,6.15.0,True,9000,fn05,25378.916666666668,24930,27950,610.1288058453085,240
0,8,False,True,False,False,False,defer,8,0,30000,1,True,10,6.15.0,True,9000,fn06,25378.916666666668,24930,27950,610.1288058453085,240
0,8,False,True,False,False,False,defer,8,0,30000,1,True,18,6.15.0,True,9000,fn05,29479.583333333332,28470,32340,1220.3028284223371,240
0,8,False,True,False,False,False,defer,8,0,30000,1,True,18,6.15.0,True,9000,fn06,29479.583333333332,28470,32340,1220.3028284223371,240
0,8,False,True,True,False,False,sqpoll,8,0,30000,1,True,10,6.15.0,True,9000,fn05,20650.333333333332,20380,21260,207.64927696050913,240
0,8,False,True,True,False,False,sqpoll,8,0,30000,1,True,10,6.15.0,True,9000,fn06,20650.333333333332,20380,21260,207.64927696050913,240
0,8,False,True,True,False,False,sqpoll,8,0,30000,1,True,18,6.15.0,True,9000,fn05,23277.125,22670,25860,665.5953358022175,240
0,8,False,True,True,False,False,sqpoll,8,0,30000,1,True,18,6.15.0,True,9000,fn06,23277.125,22670,25860,665.5953358022175,240
0,8,False,True,True,False,False,defer,8,0,30000,1,True,10,6.15.0,True,9000,fn05,25278.5,24840,27810,588.90809979147,240
0,8,False,True,True,False,False,defer,8,0,30000,1,True,10,6.15.0,True,9000,fn06,25278.5,24840,27810,588.90809979147,240
0,8,False,True,True,False,False,defer,8,0,30000,1,True,18,6.15.0,True,9000,fn05,29003.125,28300,31760,929.7843752048105,240
0,8,False,True,True,False,False,defer,8,0,30000,1,True,18,6.15.0,True,9000,fn06,29003.125,28300,31760,929.7843752048105,240
0,8,False,True,True,True,False,sqpoll,8,0,30000,1,True,10,6.15.0,True,9000,fn05,21353.208333333332,20990,21930,219.8733497506134,240
0,8,False,True,True,True,False,sqpoll,8,0,30000,1,True,10,6.15.0,True,9000,fn06,21353.208333333332,20990,21930,219.8733497506134,240
0,8,False,True,True,True,False,sqpoll,8,0,30000,1,True,18,6.15.0,True,9000,fn05,24136.416666666668,23490,26540,643.9297267990937,240
0,8,False,True,True,True,False,sqpoll,8,0,30000,1,True,18,6.15.0,True,9000,fn06,24136.416666666668,23490,26540,643.9297267990937,240
0,8,False,True,True,True,False,defer,8,0,30000,1,True,10,6.15.0,True,9000,fn05,25895.541666666668,25220,28330,780.3683147060894,240
0,8,False,True,True,True,False,defer,8,0,30000,1,True,10,6.15.0,True,9000,fn06,25895.541666666668,25220,28330,780.3683147060894,240
0,8,False,True,True,True,False,defer,8,0,30000,1,True,18,6.15.0,True,9000,fn05,29915.291666666668,28860,32580,1213.7349030700877,240
0,8,False,True,True,True,False,defer,8,0,30000,1,True,18,6.15.0,True,9000,fn06,29915.291666666668,28860,32580,1213.7349030700877,240
0,8,False,True,True,True,True,sqpoll,8,0,30000,1,True,10,6.15.0,True,9000,fn05,23946.75,23700,24440,133.73270916271755,240
0,8,False,True,True,True,True,sqpoll,8,0,30000,1,True,10,6.15.0,True,9000,fn06,23946.75,23700,24440,133.73270916271755,240
0,8,False,True,True,True,True,sqpoll,8,0,30000,1,True,18,6.15.0,True,9000,fn05,24500.916666666668,23970,25670,546.3088196147751,240
0,8,False,True,True,True,True,sqpoll,8,0,30000,1,True,18,6.15.0,True,9000,fn06,24500.916666666668,23970,25670,546.3088196147751,240
0,8,False,True,True,True,True,defer,8,0,30000,1,True,10,6.15.0,True,9000,fn05,18769.75,18620,18950,80.1661036016262,240
0,8,False,True,True,True,True,defer,8,0,30000,1,True,10,6.15.0,True,9000,fn06,18769.75,18620,18950,80.1661036016262,240
0,8,False,True,True,True,True,defer,8,0,30000,1,True,18,6.15.0,True,9000,fn05,19149.25,19010,19330,79.1534638113414,240
0,8,False,True,True,True,True,defer,8,0,30000,1,True,18,6.15.0,True,9000,fn06,19149.25,19010,19330,79.1534638113414,240
1,8,False,False,False,False,False,sqpoll,8,0,30000,1,True,10,6.15.0,True,9000,fn05,20796.583333333332,20530,21390,210.07338334231895,240
1,8,False,False,False,False,False,sqpoll,8,0,30000,1,True,10,6.15.0,True,9000,fn06,20796.583333333332,20530,21390,210.07338334231895,240
1,8,False,False,False,False,False,sqpoll,8,0,30000,1,True,18,6.15.0,True,9000,fn05,23494.25,22860,25730,542.5774330299163,240
1,8,False,False,False,False,False,sqpoll,8,0,30000,1,True,18,6.15.0,True,9000,fn06,23494.25,22860,25730,542.5774330299163,240
1,8,False,False,False,False,False,defer,8,0,30000,1,True,10,6.15.0,True,9000,fn05,25481.458333333332,25000,28030,684.6781165364414,240
1,8,False,False,False,False,False,defer,8,0,30000,1,True,10,6.15.0,True,9000,fn06,25481.458333333332,25000,28030,684.6781165364414,240
1,8,False,False,False,False,False,defer,8,0,30000,1,True,18,6.15.0,True,9000,fn05,29273.041666666668,28450,32080,1071.6227561960516,240
1,8,False,False,False,False,False,defer,8,0,30000,1,True,18,6.15.0,True,9000,fn06,29273.041666666668,28450,32080,1071.6227561960516,240
1,8,False,True,False,False,False,sqpoll,8,0,30000,1,True,10,6.15.0,True,9000,fn05,20827.666666666668,20560,21450,230.6430623760928,240
1,8,False,True,False,False,False,sqpoll,8,0,30000,1,True,10,6.15.0,True,9000,fn06,20827.666666666668,20560,21450,230.6430623760928,240
1,8,False,True,False,False,False,sqpoll,8,0,30000,1,True,18,6.15.0,True,9000,fn05,23540.0,22940,25800,585.409400903903,240
1,8,False,True,False,False,False,sqpoll,8,0,30000,1,True,18,6.15.0,True,9000,fn06,23540.0,22940,25800,585.409400903903,240
1,8,False,True,False,False,False,defer,8,0,30000,1,True,10,6.15.0,True,9000,fn05,25415.291666666668,24990,27870,516.4517546979151,240
1,8,False,True,False,False,False,defer,8,0,30000,1,True,10,6.15.0,True,9000,fn06,25415.291666666668,24990,27870,516.4517546979151,240
1,8,False,True,False,False,False,defer,8,0,30000,1,True,18,6.15.0,True,9000,fn05,29224.333333333332,28370,32010,1082.3437018289933,240
1,8,False,True,False,False,False,defer,8,0,30000,1,True,18,6.15.0,True,9000,fn06,29224.333333333332,28370,32010,1082.3437018289933,240
1,8,False,True,True,False,False,sqpoll,8,0,30000,1,True,10,6.15.0,True,9000,fn05,20654.833333333332,20410,21290,200.53878815719307,240
1,8,False,True,True,False,False,sqpoll,8,0,30000,1,True,10,6.15.0,True,9000,fn06,20654.833333333332,20410,21290,200.53878815719307,240
1,8,False,True,True,False,False,sqpoll,8,0,30000,1,True,18,6.15.0,True,9000,fn05,23230.791666666668,22780,23940,281.81221276568,240
1,8,False,True,True,False,False,sqpoll,8,0,30000,1,True,18,6.15.0,True,9000,fn06,23230.791666666668,22780,23940,281.81221276568,240
1,8,False,True,True,False,False,defer,8,0,30000,1,True,10,6.15.0,True,9000,fn05,25420.625,24840,27840,753.205389900391,240
1,8,False,True,True,False,False,defer,8,0,30000,1,True,10,6.15.0,True,9000,fn06,25420.625,24840,27840,753.205389900391,240
1,8,False,True,True,False,False,defer,8,0,30000,1,True,18,6.15.0,True,9000,fn05,29429.25,28390,32050,1277.3756707275534,240
1,8,False,True,True,False,False,defer,8,0,30000,1,True,18,6.15.0,True,9000,fn06,29429.25,28390,32050,1277.3756707275534,240
1,8,False,True,True,True,False,sqpoll,8,0,30000,1,True,10,6.15.0,True,9000,fn05,21339.208333333332,21090,21910,210.82130647514944,240
1,8,False,True,True,True,False,sqpoll,8,0,30000,1,True,10,6.15.0,True,9000,fn06,21339.208333333332,21090,21910,210.82130647514944,240
1,8,False,True,True,True,False,sqpoll,8,0,30000,1,True,18,6.15.0,True,9000,fn05,24000.541666666668,23420,26440,593.9824267298561,240
1,8,False,True,True,True,False,sqpoll,8,0,30000,1,True,18,6.15.0,True,9000,fn06,24000.541666666668,23420,26440,593.9824267298561,240
1,8,False,True,True,True,False,defer,8,0,30000,1,True,10,6.15.0,True,9000,fn05,25840.416666666668,25260,28310,731.5564410138761,240
1,8,False,True,True,True,False,defer,8,0,30000,1,True,10,6.15.0,True,9000,fn06,25840.416666666668,25260,28310,731.5564410138761,240
1,8,False,True,True,True,False,defer,8,0,30000,1,True,18,6.15.0,True,9000,fn05,29767.958333333332,28830,32510,1147.8020655135722,240
1,8,False,True,True,True,False,defer,8,0,30000,1,True,18,6.15.0,True,9000,fn06,29767.958333333332,28830,32510,1147.8020655135722,240
1,8,False,True,True,True,True,sqpoll,8,0,30000,1,True,10,6.15.0,True,9000,fn05,23960.791666666668,23640,24460,175.99892972370282,240
1,8,False,True,True,True,True,sqpoll,8,0,30000,1,True,10,6.15.0,True,9000,fn06,23960.791666666668,23640,24460,175.99892972370282,240
1,8,False,True,True,True,True,sqpoll,8,0,30000,1,True,18,6.15.0,True,9000,fn05,24660.791666666668,24020,25670,607.1077251448506,240
1,8,False,True,True,True,True,sqpoll,8,0,30000,1,True,18,6.15.0,True,9000,fn06,24660.791666666668,24020,25670,607.1077251448506,240
1,8,False,True,True,True,True,defer,8,0,30000,1,True,10,6.15.0,True,9000,fn05,18675.666666666668,18340,18940,144.8834780857439,240
1,8,False,True,True,True,True,defer,8,0,30000,1,True,10,6.15.0,True,9000,fn06,18675.666666666668,18340,18940,144.8834780857439,240
1,8,False,True,True,True,True,defer,8,0,30000,1,True,18,6.15.0,True,9000,fn05,19156.875,19000,19330,83.61509657352552,240
1,8,False,True,True,True,True,defer,8,0,30000,1,True,18,6.15.0,True,9000,fn06,19156.875,19000,19330,83.61509657352552,240
2,8,False,False,False,False,False,sqpoll,8,0,30000,1,True,10,6.15.0,True,9000,fn05,20830.333333333332,20570,21410,209.95211094173092,240
2,8,False,False,False,False,False,sqpoll,8,0,30000,1,True,10,6.15.0,True,9000,fn06,20830.333333333332,20570,21410,209.95211094173092,240
2,8,False,False,False,False,False,sqpoll,8,0,30000,1,True,18,6.15.0,True,9000,fn05,23419.833333333332,22890,25610,471.76262274815946,240
2,8,False,False,False,False,False,sqpoll,8,0,30000,1,True,18,6.15.0,True,9000,fn06,23419.833333333332,22890,25610,471.76262274815946,240
2,8,False,False,False,False,False,defer,8,0,30000,1,True,10,6.15.0,True,9000,fn05,25489.333333333332,25020,28100,635.8992757417553,240
2,8,False,False,False,False,False,defer,8,0,30000,1,True,10,6.15.0,True,9000,fn06,25489.333333333332,25020,28100,635.8992757417553,240
2,8,False,False,False,False,False,defer,8,0,30000,1,True,18,6.15.0,True,9000,fn05,29429.875,28460,32180,1182.9153538503929,240
2,8,False,False,False,False,False,defer,8,0,30000,1,True,18,6.15.0,True,9000,fn06,29429.875,28460,32180,1182.9153538503929,240
2,8,False,True,False,False,False,sqpoll,8,0,30000,1,True,10,6.15.0,True,9000,fn05,20809.25,20570,21430,207.15196716420533,240
2,8,False,True,False,False,False,sqpoll,8,0,30000,1,True,10,6.15.0,True,9000,fn06,20809.25,20570,21430,207.15196716420533,240
2,8,False,True,False,False,False,sqpoll,8,0,30000,1,True,18,6.15.0,True,9000,fn05,23464.8132780083,22830,25870,660.9932693033708,241
2,8,False,True,False,False,False,sqpoll,8,0,30000,1,True,18,6.15.0,True,9000,fn06,23464.8132780083,22830,25870,660.9932693033708,241
2,8,False,True,False,False,False,defer,8,0,30000,1,True,10,6.15.0,True,9000,fn05,25411.583333333332,24940,28040,649.9692246987972,240
2,8,False,True,False,False,False,defer,8,0,30000,1,True,10,6.15.0,True,9000,fn06,25411.583333333332,24940,28040,649.9692246987972,240
2,8,False,True,False,False,False,defer,8,0,30000,1,True,18,6.15.0,True,9000,fn05,29280.166666666668,28370,32140,1194.2856884161158,240
2,8,False,True,False,False,False,defer,8,0,30000,1,True,18,6.15.0,True,9000,fn06,29280.166666666668,28370,32140,1194.2856884161158,240
2,8,False,True,True,False,False,sqpoll,8,0,30000,1,True,10,6.15.0,True,9000,fn05,20645.958333333332,20420,20980,164.81529539827977,240
2,8,False,True,True,False,False,sqpoll,8,0,30000,1,True,10,6.15.0,True,9000,fn06,20645.958333333332,20420,20980,164.81529539827977,240
2,8,False,True,True,False,False,sqpoll,8,0,30000,1,True,18,6.15.0,True,9000,fn05,23466.333333333332,22810,25770,681.461582841534,240
2,8,False,True,True,False,False,sqpoll,8,0,30000,1,True,18,6.15.0,True,9000,fn06,23466.333333333332,22810,25770,681.461582841534,240
2,8,False,True,True,False,False,defer,8,0,30000,1,True,10,6.15.0,True,9000,fn05,25428.083333333332,24840,28010,856.5573495426653,240
2,8,False,True,True,False,False,defer,8,0,30000,1,True,10,6.15.0,True,9000,fn06,25428.083333333332,24840,28010,856.5573495426653,240
2,8,False,True,True,False,False,defer,8,0,30000,1,True,18,6.15.0,True,9000,fn05,29375.791666666668,28430,32080,1169.7810507087308,240
2,8,False,True,True,False,False,defer,8,0,30000,1,True,18,6.15.0,True,9000,fn06,29375.791666666668,28430,32080,1169.7810507087308,240
2,8,False,True,True,True,False,sqpoll,8,0,30000,1,True,10,6.15.0,True,9000,fn05,21264.291666666668,20820,21960,234.26729377050384,240
2,8,False,True,True,True,False,sqpoll,8,0,30000,1,True,10,6.15.0,True,9000,fn06,21264.291666666668,20820,21960,234.26729377050384,240
2,8,False,True,True,True,False,sqpoll,8,0,30000,1,True,18,6.15.0,True,9000,fn05,24177.5,23480,26520,642.5661444551837,240
2,8,False,True,True,True,False,sqpoll,8,0,30000,1,True,18,6.15.0,True,9000,fn06,24177.5,23480,26520,642.5661444551837,240
2,8,False,True,True,True,False,defer,8,0,30000,1,True,10,6.15.0,True,9000,fn05,25890.791666666668,25250,28190,687.8061426961492,240
2,8,False,True,True,True,False,defer,8,0,30000,1,True,10,6.15.0,True,9000,fn06,25890.791666666668,25250,28190,687.8061426961492,240
2,8,False,True,True,True,False,defer,8,0,30000,1,True,18,6.15.0,True,9000,fn05,29702.0,28830,32540,1095.788224673606,240
2,8,False,True,True,True,False,defer,8,0,30000,1,True,18,6.15.0,True,9000,fn06,29702.0,28830,32540,1095.788224673606,240
2,8,False,True,True,True,True,sqpoll,8,0,30000,1,True,10,6.15.0,True,9000,fn05,24094.208333333332,23770,25260,239.22487314356664,240
2,8,False,True,True,True,True,sqpoll,8,0,30000,1,True,10,6.15.0,True,9000,fn06,24094.208333333332,23770,25260,239.22487314356664,240
2,8,False,True,True,True,True,sqpoll,8,0,30000,1,True,18,6.15.0,True,9000,fn05,24519.125,24050,25730,524.1744153507813,240
2,8,False,True,True,True,True,sqpoll,8,0,30000,1,True,18,6.15.0,True,9000,fn06,24519.125,24050,25730,524.1744153507813,240
2,8,False,True,True,True,True,defer,8,0,30000,1,True,10,6.15.0,True,9000,fn05,18759.916666666668,18600,18950,86.27954405432507,240
2,8,False,True,True,True,True,defer,8,0,30000,1,True,10,6.15.0,True,9000,fn06,18759.916666666668,18600,18950,86.27954405432507,240
2,8,False,True,True,True,True,defer,8,0,30000,1,True,18,6.15.0,True,9000,fn05,19191.583333333332,19050,19380,79.95827905157094,240
2,8,False,True,True,True,True,defer,8,0,30000,1,True,18,6.15.0,True,9000,fn06,19191.583333333332,19050,19380,79.95827905157094,240
3,8,False,False,False,False,False,sqpoll,8,0,30000,1,True,10,6.15.0,True,9000,fn05,20817.291666666668,20540,21370,213.64241525788418,240
3,8,False,False,False,False,False,sqpoll,8,0,30000,1,True,10,6.15.0,True,9000,fn06,20817.291666666668,20540,21370,213.64241525788418,240
3,8,False,False,False,False,False,sqpoll,8,0,30000,1,True,18,6.15.0,True,9000,fn05,23383.791666666668,22860,25750,459.30858174422224,240
3,8,False,False,False,False,False,sqpoll,8,0,30000,1,True,18,6.15.0,True,9000,fn06,23383.791666666668,22860,25750,459.30858174422224,240
3,8,False,False,False,False,False,defer,8,0,30000,1,True,10,6.15.0,True,9000,fn05,25481.25,25010,27950,600.3305513076386,240
3,8,False,False,False,False,False,defer,8,0,30000,1,True,10,6.15.0,True,9000,fn06,25481.25,25010,27950,600.3305513076386,240
3,8,False,False,False,False,False,defer,8,0,30000,1,True,18,6.15.0,True,9000,fn05,29219.791666666668,28390,32090,1095.0283283689766,240
3,8,False,False,False,False,False,defer,8,0,30000,1,True,18,6.15.0,True,9000,fn06,29219.791666666668,28390,32090,1095.0283283689766,240
3,8,False,True,False,False,False,sqpoll,8,0,30000,1,True,10,6.15.0,True,9000,fn05,20878.833333333332,20590,21500,242.85174947325834,240
3,8,False,True,False,False,False,sqpoll,8,0,30000,1,True,10,6.15.0,True,9000,fn06,20878.833333333332,20590,21500,242.85174947325834,240
3,8,False,True,False,False,False,sqpoll,8,0,30000,1,True,18,6.15.0,True,9000,fn05,23440.958333333332,22850,26000,657.2032904136706,240
3,8,False,True,False,False,False,sqpoll,8,0,30000,1,True,18,6.15.0,True,9000,fn06,23440.958333333332,22850,26000,657.2032904136706,240
3,8,False,True,False,False,False,defer,8,0,30000,1,True,10,6.15.0,True,9000,fn05,24990.458333333332,24660,26150,322.9825174792317,240
3,8,False,True,False,False,False,defer,8,0,30000,1,True,10,6.15.0,True,9000,fn06,24990.458333333332,24660,26150,322.9825174792317,240
3,8,False,True,False,False,False,defer,8,0,30000,1,True,18,6.15.0,True,9000,fn05,29191.125,28420,32230,990.723633365195,240
3,8,False,True,False,False,False,defer,8,0,30000,1,True,18,6.15.0,True,9000,fn06,29191.125,28420,32230,990.723633365195,240
3,8,False,True,True,False,False,sqpoll,8,0,30000,1,True,10,6.15.0,True,9000,fn05,20633.791666666668,20400,21170,195.23543034984425,240
3,8,False,True,True,False,False,sqpoll,8,0,30000,1,True,10,6.15.0,True,9000,fn06,20633.791666666668,20400,21170,195.23543034984425,240
3,8,False,True,True,False,False,sqpoll,8,0,30000,1,True,18,6.15.0,True,9000,fn05,23352.916666666668,22700,25850,706.882116331209,240
3,8,False,True,True,False,False,sqpoll,8,0,30000,1,True,18,6.15.0,True,9000,fn06,23352.916666666668,22700,25850,706.882116331209,240
3,8,False,True,True,False,False,defer,8,0,30000,1,True,10,6.15.0,True,9000,fn05,25308.083333333332,24870,27930,618.4224497775682,240
3,8,False,True,True,False,False,defer,8,0,30000,1,True,10,6.15.0,True,9000,fn06,25308.083333333332,24870,27930,618.4224497775682,240
3,8,False,True,True,False,False,defer,8,0,30000,1,True,18,6.15.0,True,9000,fn05,29432.041666666668,28360,32100,1261.8348075707938,240
3,8,False,True,True,False,False,defer,8,0,30000,1,True,18,6.15.0,True,9000,fn06,29432.041666666668,28360,32100,1261.8348075707938,240
3,8,False,True,True,True,False,sqpoll,8,0,30000,1,True,10,6.15.0,True,9000,fn05,21332.083333333332,20920,21920,213.59578582505372,240
3,8,False,True,True,True,False,sqpoll,8,0,30000,1,True,10,6.15.0,True,9000,fn06,21332.083333333332,20920,21920,213.59578582505372,240
3,8,False,True,True,True,False,sqpoll,8,0,30000,1,True,18,6.15.0,True,9000,fn05,24050.958333333332,23460,26440,603.9035504647153,240
3,8,False,True,True,True,False,sqpoll,8,0,30000,1,True,18,6.15.0,True,9000,fn06,24050.958333333332,23460,26440,603.9035504647153,240
3,8,False,True,True,True,False,defer,8,0,30000,1,True,10,6.15.0,True,9000,fn05,25867.125,25280,28120,670.935032405026,240
3,8,False,True,True,True,False,defer,8,0,30000,1,True,10,6.15.0,True,9000,fn06,25867.125,25280,28120,670.935032405026,240
3,8,False,True,True,True,False,defer,8,0,30000,1,True,18,6.15.0,True,9000,fn05,29628.958333333332,28830,32360,1040.7862404278262,240
3,8,False,True,True,True,False,defer,8,0,30000,1,True,18,6.15.0,True,9000,fn06,29628.958333333332,28830,32360,1040.7862404278262,240
3,8,False,True,True,True,True,sqpoll,8,0,30000,1,True,10,6.15.0,True,9000,fn05,24014.791666666668,23720,24710,187.36316766435772,240
3,8,False,True,True,True,True,sqpoll,8,0,30000,1,True,10,6.15.0,True,9000,fn06,24014.791666666668,23720,24710,187.36316766435772,240
3,8,False,True,True,True,True,sqpoll,8,0,30000,1,True,18,6.15.0,True,9000,fn05,24549.791666666668,23940,25580,607.6899208729363,240
3,8,False,True,True,True,True,sqpoll,8,0,30000,1,True,18,6.15.0,True,9000,fn06,24549.791666666668,23940,25580,607.6899208729363,240
3,8,False,True,True,True,True,defer,8,0,30000,1,True,10,6.15.0,True,9000,fn05,18790.333333333332,18640,18980,82.46649151153589,240
3,8,False,True,True,True,True,defer,8,0,30000,1,True,10,6.15.0,True,9000,fn06,18790.333333333332,18640,18980,82.46649151153589,240
3,8,False,True,True,True,True,defer,8,0,30000,1,True,18,6.15.0,True,9000,fn05,19213.458333333332,19050,19400,87.36965489929683,240
3,8,False,True,True,True,True,defer,8,0,30000,1,True,18,6.15.0,True,9000,fn06,19213.458333333332,19050,19400,87.36965489929683,240
4,8,False,False,False,False,False,sqpoll,8,0,30000,1,True,10,6.15.0,True,9000,fn05,20825.25,20570,21390,203.87889583443075,240
4,8,False,False,False,False,False,sqpoll,8,0,30000,1,True,10,6.15.0,True,9000,fn06,20825.25,20570,21390,203.87889583443075,240
4,8,False,False,False,False,False,sqpoll,8,0,30000,1,True,18,6.15.0,True,9000,fn05,23468.875,22870,26190,699.2227716364793,240
4,8,False,False,False,False,False,sqpoll,8,0,30000,1,True,18,6.15.0,True,9000,fn06,23468.875,22870,26190,699.2227716364793,240
4,8,False,False,False,False,False,defer,8,0,30000,1,True,10,6.15.0,True,9000,fn05,25433.0,24990,27900,559.9130884938007,240
4,8,False,False,False,False,False,defer,8,0,30000,1,True,10,6.15.0,True,9000,fn06,25433.0,24990,27900,559.9130884938007,240
4,8,False,False,False,False,False,defer,8,0,30000,1,True,18,6.15.0,True,9000,fn05,29489.875,28450,32220,1226.6290125278304,240
4,8,False,False,False,False,False,defer,8,0,30000,1,True,18,6.15.0,True,9000,fn06,29489.875,28450,32220,1226.6290125278304,240
4,8,False,True,False,False,False,sqpoll,8,0,30000,1,True,10,6.15.0,True,9000,fn05,20881.333333333332,20590,21460,231.62985319014663,240
4,8,False,True,False,False,False,sqpoll,8,0,30000,1,True,10,6.15.0,True,9000,fn06,20881.333333333332,20590,21460,231.62985319014663,240
4,8,False,True,False,False,False,sqpoll,8,0,30000,1,True,18,6.15.0,True,9000,fn05,23489.041666666668,22940,25720,487.39220852467014,240
4,8,False,True,False,False,False,sqpoll,8,0,30000,1,True,18,6.15.0,True,9000,fn06,23489.041666666668,22940,25720,487.39220852467014,240
4,8,False,True,False,False,False,defer,8,0,30000,1,True,10,6.15.0,True,9000,fn05,25531.75,24970,28170,790.341342395803,240
4,8,False,True,False,False,False,defer,8,0,30000,1,True,10,6.15.0,True,9000,fn06,25531.75,24970,28170,790.341342395803,240
4,8,False,True,False,False,False,defer,8,0,30000,1,True,18,6.15.0,True,9000,fn05,29665.375,28490,32510,1339.2547153952205,240
4,8,False,True,False,False,False,defer,8,0,30000,1,True,18,6.15.0,True,9000,fn06,29665.375,28490,32510,1339.2547153952205,240
4,8,False,True,True,False,False,sqpoll,8,0,30000,1,True,10,6.15.0,True,9000,fn05,20693.666666666668,20410,21290,225.16820872899046,240
4,8,False,True,True,False,False,sqpoll,8,0,30000,1,True,10,6.15.0,True,9000,fn06,20693.666666666668,20410,21290,225.16820872899046,240
4,8,False,True,True,False,False,sqpoll,8,0,30000,1,True,18,6.15.0,True,9000,fn05,23293.5,22730,25470,512.0183102194686,240
4,8,False,True,True,False,False,sqpoll,8,0,30000,1,True,18,6.15.0,True,9000,fn06,23293.5,22730,25470,512.0183102194686,240
4,8,False,True,True,False,False,defer,8,0,30000,1,True,10,6.15.0,True,9000,fn05,25417.416666666668,24870,27980,731.833878956754,240
4,8,False,True,True,False,False,defer,8,0,30000,1,True,10,6.15.0,True,9000,fn06,25417.416666666668,24870,27980,731.833878956754,240
4,8,False,True,True,False,False,defer,8,0,30000,1,True,18,6.15.0,True,9000,fn05,29432.375,28380,32180,1269.3205962410232,240
4,8,False,True,True,False,False,defer,8,0,30000,1,True,18,6.15.0,True,9000,fn06,29432.375,28380,32180,1269.3205962410232,240
4,8,False,True,True,True,False,sqpoll,8,0,30000,1,True,10,6.15.0,True,9000,fn05,21263.25,20860,21760,205.14085608023902,240
4,8,False,True,True,True,False,sqpoll,8,0,30000,1,True,10,6.15.0,True,9000,fn06,21263.25,20860,21760,205.14085608023902,240
4,8,False,True,True,True,False,sqpoll,8,0,30000,1,True,18,6.15.0,True,9000,fn05,23863.25,23340,25310,327.6702165796173,240
4,8,False,True,True,True,False,sqpoll,8,0,30000,1,True,18,6.15.0,True,9000,fn06,23863.25,23340,25310,327.6702165796173,240
4,8,False,True,True,True,False,defer,8,0,30000,1,True,10,6.15.0,True,9000,fn05,25782.125,25280,28230,634.6679454972235,240
4,8,False,True,True,True,False,defer,8,0,30000,1,True,10,6.15.0,True,9000,fn06,25782.125,25280,28230,634.6679454972235,240
4,8,False,True,True,True,False,defer,8,0,30000,1,True,18,6.15.0,True,9000,fn05,29542.0,28760,32400,1076.5694744573307,240
4,8,False,True,True,True,False,defer,8,0,30000,1,True,18,6.15.0,True,9000,fn06,29542.0,28760,32400,1076.5694744573307,240
4,8,False,True,True,True,True,sqpoll,8,0,30000,1,True,10,6.15.0,True,9000,fn05,24026.375,23750,24540,160.3011001469838,240
4,8,False,True,True,True,True,sqpoll,8,0,30000,1,True,10,6.15.0,True,9000,fn06,24026.375,23750,24540,160.3011001469838,240
4,8,False,True,True,True,True,sqpoll,8,0,30000,1,True,18,6.15.0,True,9000,fn05,24531.958333333332,24010,25570,556.2080680200132,240
4,8,False,True,True,True,True,sqpoll,8,0,30000,1,True,18,6.15.0,True,9000,fn06,24531.958333333332,24010,25570,556.2080680200132,240
4,8,False,True,True,True,True,defer,8,0,30000,1,True,10,6.15.0,True,9000,fn05,18719.458333333332,18570,18900,78.39083660663974,240
4,8,False,True,True,True,True,defer,8,0,30000,1,True,10,6.15.0,True,9000,fn06,18719.458333333332,18570,18900,78.39083660663974,240
4,8,False,True,True,True,True,defer,8,0,30000,1,True,18,6.15.0,True,9000,fn05,19172.5,19010,19360,89.75197305166425,240
4,8,False,True,True,True,True,defer,8,0,30000,1,True,18,6.15.0,True,9000,fn06,19172.5,19010,19360,89.75197305166425,240



0,8,True,False,False,False,False,sqpoll,8,0,30000,1,True,10,6.15.0,True,9000,fn05,21779.583333333332,21450,22080,167.659853241284,240
0,8,True,False,False,False,False,sqpoll,8,0,30000,1,True,10,6.15.0,True,9000,fn06,21779.583333333332,21450,22080,167.659853241284,240
0,8,True,False,False,False,False,sqpoll,8,0,30000,1,True,18,6.15.0,True,9000,fn05,27532.666666666668,27090,28040,243.2256611096416,240
0,8,True,False,False,False,False,sqpoll,8,0,30000,1,True,18,6.15.0,True,9000,fn06,27532.666666666668,27090,28040,243.2256611096416,240
0,8,True,False,False,False,False,defer,8,0,30000,1,True,10,6.15.0,True,9000,fn05,26141.5,25780,28640,535.8997885177165,240
0,8,True,False,False,False,False,defer,8,0,30000,1,True,10,6.15.0,True,9000,fn06,26141.5,25780,28640,535.8997885177165,240
0,8,True,False,False,False,False,defer,8,0,30000,1,True,18,6.15.0,True,9000,fn05,33300.541666666664,32740,36180,696.2543524200685,240
0,8,True,False,False,False,False,defer,8,0,30000,1,True,18,6.15.0,True,9000,fn06,33300.541666666664,32740,36180,696.2543524200685,240
0,8,True,True,False,False,False,sqpoll,8,0,30000,1,True,10,6.15.0,True,9000,fn05,21817.333333333332,21470,22180,157.75367578038308,240
0,8,True,True,False,False,False,sqpoll,8,0,30000,1,True,10,6.15.0,True,9000,fn06,21817.333333333332,21470,22180,157.75367578038308,240
0,8,True,True,False,False,False,sqpoll,8,0,30000,1,True,18,6.15.0,True,9000,fn05,27695.166666666668,27230,28270,258.8547962769003,240
0,8,True,True,False,False,False,sqpoll,8,0,30000,1,True,18,6.15.0,True,9000,fn06,27695.166666666668,27230,28270,258.8547962769003,240
0,8,True,True,False,False,False,defer,8,0,30000,1,True,10,6.15.0,True,9000,fn05,26033.875,25680,28540,501.1066763092133,240
0,8,True,True,False,False,False,defer,8,0,30000,1,True,10,6.15.0,True,9000,fn06,26033.875,25680,28540,501.1066763092133,240
0,8,True,True,False,False,False,defer,8,0,30000,1,True,18,6.15.0,True,9000,fn05,33117.25,32560,35820,748.5992057391815,240
0,8,True,True,False,False,False,defer,8,0,30000,1,True,18,6.15.0,True,9000,fn06,33117.25,32560,35820,748.5992057391815,240
0,8,True,True,True,False,False,sqpoll,8,0,30000,1,True,10,6.15.0,True,9000,fn05,21652.666666666668,21330,22080,174.52666144619727,240
0,8,True,True,True,False,False,sqpoll,8,0,30000,1,True,10,6.15.0,True,9000,fn06,21652.666666666668,21330,22080,174.52666144619727,240
0,8,True,True,True,False,False,sqpoll,8,0,30000,1,True,18,6.15.0,True,9000,fn05,27520.708333333332,27080,28090,262.0780702969166,240
0,8,True,True,True,False,False,sqpoll,8,0,30000,1,True,18,6.15.0,True,9000,fn06,27520.708333333332,27080,28090,262.0780702969166,240
0,8,True,True,True,False,False,defer,8,0,30000,1,True,10,6.15.0,True,9000,fn05,25831.5,25220,28340,877.8659256021579,240
0,8,True,True,True,False,False,defer,8,0,30000,1,True,10,6.15.0,True,9000,fn06,25831.5,25220,28340,877.8659256021579,240
0,8,True,True,True,False,False,defer,8,0,30000,1,True,18,6.15.0,True,9000,fn05,32427.083333333332,31890,35380,711.6804009213374,240
0,8,True,True,True,False,False,defer,8,0,30000,1,True,18,6.15.0,True,9000,fn06,32427.083333333332,31890,35380,711.6804009213374,240
0,8,True,True,True,True,False,sqpoll,8,0,30000,1,True,10,6.15.0,True,9000,fn05,22479.083333333332,22170,22740,164.63847177646204,240
0,8,True,True,True,True,False,sqpoll,8,0,30000,1,True,10,6.15.0,True,9000,fn06,22479.083333333332,22170,22740,164.63847177646204,240
0,8,True,True,True,True,False,sqpoll,8,0,30000,1,True,18,6.15.0,True,9000,fn05,28478.041666666668,27930,29080,300.2011796510615,240
0,8,True,True,True,True,False,sqpoll,8,0,30000,1,True,18,6.15.0,True,9000,fn06,28478.041666666668,27930,29080,300.2011796510615,240
0,8,True,True,True,True,False,defer,8,0,30000,1,True,10,6.15.0,True,9000,fn05,25889.416666666668,25440,28460,677.9580810951531,240
0,8,True,True,True,True,False,defer,8,0,30000,1,True,10,6.15.0,True,9000,fn06,25889.416666666668,25440,28460,677.9580810951531,240
0,8,True,True,True,True,False,defer,8,0,30000,1,True,18,6.15.0,True,9000,fn05,31652.083333333332,31050,34270,731.40036440759,240
0,8,True,True,True,True,False,defer,8,0,30000,1,True,18,6.15.0,True,9000,fn06,31652.083333333332,31050,34270,731.40036440759,240
0,8,True,True,True,True,True,sqpoll,8,0,30000,1,True,10,6.15.0,True,9000,fn05,26470.333333333332,25230,27990,591.0195052242824,240
0,8,True,True,True,True,True,sqpoll,8,0,30000,1,True,10,6.15.0,True,9000,fn06,26470.333333333332,25230,27990,591.0195052242824,240
0,8,True,True,True,True,True,sqpoll,8,0,30000,1,True,18,6.15.0,True,9000,fn05,26477.708333333332,25420,28060,598.7126452625017,240
0,8,True,True,True,True,True,sqpoll,8,0,30000,1,True,18,6.15.0,True,9000,fn06,26477.708333333332,25420,28060,598.7126452625017,240
0,8,True,True,True,True,True,defer,8,0,30000,1,True,10,6.15.0,True,9000,fn05,20714.375,20160,21210,370.6194490871555,240
0,8,True,True,True,True,True,defer,8,0,30000,1,True,10,6.15.0,True,9000,fn06,20714.375,20160,21210,370.6194490871555,240
0,8,True,True,True,True,True,defer,8,0,30000,1,True,18,6.15.0,True,9000,fn05,22292.791666666668,21050,25660,1368.2927768806971,240
0,8,True,True,True,True,True,defer,8,0,30000,1,True,18,6.15.0,True,9000,fn06,22292.791666666668,21050,25660,1368.2927768806971,240
1,8,True,False,False,False,False,sqpoll,8,0,30000,1,True,10,6.15.0,True,9000,fn05,21720.916666666668,21470,22040,174.0761128229705,240
1,8,True,False,False,False,False,sqpoll,8,0,30000,1,True,10,6.15.0,True,9000,fn06,21720.916666666668,21470,22040,174.0761128229705,240
1,8,True,False,False,False,False,sqpoll,8,0,30000,1,True,18,6.15.0,True,9000,fn05,27319.916666666668,26840,27870,258.7244217094492,240
1,8,True,False,False,False,False,sqpoll,8,0,30000,1,True,18,6.15.0,True,9000,fn06,27319.916666666668,26840,27870,258.7244217094492,240
1,8,True,False,False,False,False,defer,8,0,30000,1,True,10,6.15.0,True,9000,fn05,26039.0,25740,28490,451.6495691720887,240
1,8,True,False,False,False,False,defer,8,0,30000,1,True,10,6.15.0,True,9000,fn06,26039.0,25740,28490,451.6495691720887,240
1,8,True,False,False,False,False,defer,8,0,30000,1,True,18,6.15.0,True,9000,fn05,33537.708333333336,33050,35900,439.7084241447836,240
1,8,True,False,False,False,False,defer,8,0,30000,1,True,18,6.15.0,True,9000,fn06,33537.708333333336,33050,35900,439.7084241447836,240
1,8,True,True,False,False,False,sqpoll,8,0,30000,1,True,10,6.15.0,True,9000,fn05,21769.416666666668,21430,22090,177.20889666028495,240
1,8,True,True,False,False,False,sqpoll,8,0,30000,1,True,10,6.15.0,True,9000,fn06,21769.416666666668,21430,22090,177.20889666028495,240
1,8,True,True,False,False,False,sqpoll,8,0,30000,1,True,18,6.15.0,True,9000,fn05,27765.541666666668,27300,28410,282.5134921802655,240
1,8,True,True,False,False,False,sqpoll,8,0,30000,1,True,18,6.15.0,True,9000,fn06,27765.541666666668,27300,28410,282.5134921802655,240
1,8,True,True,False,False,False,defer,8,0,30000,1,True,10,6.15.0,True,9000,fn05,25829.666666666668,25520,28040,400.39029569769656,240
1,8,True,True,False,False,False,defer,8,0,30000,1,True,10,6.15.0,True,9000,fn06,25829.666666666668,25520,28040,400.39029569769656,240
1,8,True,True,False,False,False,defer,8,0,30000,1,True,18,6.15.0,True,9000,fn05,33033.625,32440,35590,659.2291781884354,240
1,8,True,True,False,False,False,defer,8,0,30000,1,True,18,6.15.0,True,9000,fn06,33033.625,32440,35590,659.2291781884354,240
1,8,True,True,True,False,False,sqpoll,8,0,30000,1,True,10,6.15.0,True,9000,fn05,21766.125,21420,22110,150.07631739107495,240
1,8,True,True,True,False,False,sqpoll,8,0,30000,1,True,10,6.15.0,True,9000,fn06,21766.125,21420,22110,150.07631739107495,240
1,8,True,True,True,False,False,sqpoll,8,0,30000,1,True,18,6.15.0,True,9000,fn05,27559.083333333332,27040,28090,277.8143739781815,240
1,8,True,True,True,False,False,sqpoll,8,0,30000,1,True,18,6.15.0,True,9000,fn06,27559.083333333332,27040,28090,277.8143739781815,240
1,8,True,True,True,False,False,defer,8,0,30000,1,True,10,6.15.0,True,9000,fn05,25845.125,25550,28090,362.89573944637783,240
1,8,True,True,True,False,False,defer,8,0,30000,1,True,10,6.15.0,True,9000,fn06,25845.125,25550,28090,362.89573944637783,240
1,8,True,True,True,False,False,defer,8,0,30000,1,True,18,6.15.0,True,9000,fn05,32773.791666666664,32150,35400,747.7824148310494,240
1,8,True,True,True,False,False,defer,8,0,30000,1,True,18,6.15.0,True,9000,fn06,32773.791666666664,32150,35400,747.7824148310494,240
1,8,True,True,True,True,False,sqpoll,8,0,30000,1,True,10,6.15.0,True,9000,fn05,22505.5,22220,22790,170.89641111893874,240
1,8,True,True,True,True,False,sqpoll,8,0,30000,1,True,10,6.15.0,True,9000,fn06,22505.5,22220,22790,170.89641111893874,240
1,8,True,True,True,True,False,sqpoll,8,0,30000,1,True,18,6.15.0,True,9000,fn05,28483.708333333332,27920,29110,303.58277003790727,240
1,8,True,True,True,True,False,sqpoll,8,0,30000,1,True,18,6.15.0,True,9000,fn06,28483.708333333332,27920,29110,303.58277003790727,240
1,8,True,True,True,True,False,defer,8,0,30000,1,True,10,6.15.0,True,9000,fn05,25988.125,25470,28410,827.9277752567954,240
1,8,True,True,True,True,False,defer,8,0,30000,1,True,10,6.15.0,True,9000,fn06,25988.125,25470,28410,827.9277752567954,240
1,8,True,True,True,True,False,defer,8,0,30000,1,True,18,6.15.0,True,9000,fn05,31536.625,30970,34100,607.4734776446348,240
1,8,True,True,True,True,False,defer,8,0,30000,1,True,18,6.15.0,True,9000,fn06,31536.625,30970,34100,607.4734776446348,240
1,8,True,True,True,True,True,sqpoll,8,0,30000,1,True,10,6.15.0,True,9000,fn05,26303.083333333332,25250,26930,536.6513390668305,240
1,8,True,True,True,True,True,sqpoll,8,0,30000,1,True,10,6.15.0,True,9000,fn06,26303.083333333332,25250,26930,536.6513390668305,240
1,8,True,True,True,True,True,sqpoll,8,0,30000,1,True,18,6.15.0,True,9000,fn05,26614.041666666668,25470,27260,527.6069385415835,240
1,8,True,True,True,True,True,sqpoll,8,0,30000,1,True,18,6.15.0,True,9000,fn06,26614.041666666668,25470,27260,527.6069385415835,240
1,8,True,True,True,True,True,defer,8,0,30000,1,True,10,6.15.0,True,9000,fn05,20811.708333333332,20170,21170,302.0292451577422,240
1,8,True,True,True,True,True,defer,8,0,30000,1,True,10,6.15.0,True,9000,fn06,20811.708333333332,20170,21170,302.0292451577422,240
1,8,True,True,True,True,True,defer,8,0,30000,1,True,18,6.15.0,True,9000,fn05,22718.625,21080,26330,1573.9965669302883,240
1,8,True,True,True,True,True,defer,8,0,30000,1,True,18,6.15.0,True,9000,fn06,22718.625,21080,26330,1573.9965669302883,240
2,8,True,False,False,False,False,sqpoll,8,0,30000,1,True,10,6.15.0,True,9000,fn05,21801.5,21490,22140,162.91690110810072,240
2,8,True,False,False,False,False,sqpoll,8,0,30000,1,True,10,6.15.0,True,9000,fn06,21801.5,21490,22140,162.91690110810072,240
2,8,True,False,False,False,False,sqpoll,8,0,30000,1,True,18,6.15.0,True,9000,fn05,27493.5,26970,28090,292.60510931971095,240
2,8,True,False,False,False,False,sqpoll,8,0,30000,1,True,18,6.15.0,True,9000,fn06,27493.5,26970,28090,292.60510931971095,240
2,8,True,False,False,False,False,defer,8,0,30000,1,True,10,6.15.0,True,9000,fn05,26215.333333333332,25760,28690,702.1495962795645,240
2,8,True,False,False,False,False,defer,8,0,30000,1,True,10,6.15.0,True,9000,fn06,26215.333333333332,25760,28690,702.1495962795645,240
2,8,True,False,False,False,False,defer,8,0,30000,1,True,18,6.15.0,True,9000,fn05,33185.708333333336,32520,35650,731.4924230165036,240
2,8,True,False,False,False,False,defer,8,0,30000,1,True,18,6.15.0,True,9000,fn06,33185.708333333336,32520,35650,731.4924230165036,240
2,8,True,True,False,False,False,sqpoll,8,0,30000,1,True,10,6.15.0,True,9000,fn05,21832.583333333332,21500,22210,163.83424465667187,240
2,8,True,True,False,False,False,sqpoll,8,0,30000,1,True,10,6.15.0,True,9000,fn06,21832.583333333332,21500,22210,163.83424465667187,240
2,8,True,True,False,False,False,sqpoll,8,0,30000,1,True,18,6.15.0,True,9000,fn05,27728.791666666668,27170,28240,275.47042780890695,240
2,8,True,True,False,False,False,sqpoll,8,0,30000,1,True,18,6.15.0,True,9000,fn06,27728.791666666668,27170,28240,275.47042780890695,240
2,8,True,True,False,False,False,defer,8,0,30000,1,True,10,6.15.0,True,9000,fn05,26129.708333333332,25680,28400,643.2452862352658,240
2,8,True,True,False,False,False,defer,8,0,30000,1,True,10,6.15.0,True,9000,fn06,26129.708333333332,25680,28400,643.2452862352658,240
2,8,True,True,False,False,False,defer,8,0,30000,1,True,18,6.15.0,True,9000,fn05,33300.666666666664,32720,35840,695.6989690631684,240
2,8,True,True,False,False,False,defer,8,0,30000,1,True,18,6.15.0,True,9000,fn06,33300.666666666664,32720,35840,695.6989690631684,240
2,8,True,True,True,False,False,sqpoll,8,0,30000,1,True,10,6.15.0,True,9000,fn05,21706.666666666668,21390,22020,168.45292781334757,240
2,8,True,True,True,False,False,sqpoll,8,0,30000,1,True,10,6.15.0,True,9000,fn06,21706.666666666668,21390,22020,168.45292781334757,240
2,8,True,True,True,False,False,sqpoll,8,0,30000,1,True,18,6.15.0,True,9000,fn05,27689.75,27210,28210,266.2751161862482,240
2,8,True,True,True,False,False,sqpoll,8,0,30000,1,True,18,6.15.0,True,9000,fn06,27689.75,27210,28210,266.2751161862482,240
2,8,True,True,True,False,False,defer,8,0,30000,1,True,10,6.15.0,True,9000,fn05,25840.666666666668,25580,27280,245.6394150420942,240
2,8,True,True,True,False,False,defer,8,0,30000,1,True,10,6.15.0,True,9000,fn06,25840.666666666668,25580,27280,245.6394150420942,240
2,8,True,True,True,False,False,defer,8,0,30000,1,True,18,6.15.0,True,9000,fn05,32714.541666666668,32180,35360,505.8069031398137,240
2,8,True,True,True,False,False,defer,8,0,30000,1,True,18,6.15.0,True,9000,fn06,32714.541666666668,32180,35360,505.8069031398137,240
2,8,True,True,True,True,False,sqpoll,8,0,30000,1,True,10,6.15.0,True,9000,fn05,22529.083333333332,22320,22880,149.37087976651347,240
2,8,True,True,True,True,False,sqpoll,8,0,30000,1,True,10,6.15.0,True,9000,fn06,22529.083333333332,22320,22880,149.37087976651347,240
2,8,True,True,True,True,False,sqpoll,8,0,30000,1,True,18,6.15.0,True,9000,fn05,28425.416666666668,27900,28980,277.257088377476,240
2,8,True,True,True,True,False,sqpoll,8,0,30000,1,True,18,6.15.0,True,9000,fn06,28425.416666666668,27900,28980,277.257088377476,240
2,8,True,True,True,True,False,defer,8,0,30000,1,True,10,6.15.0,True,9000,fn05,25838.25,25450,28290,607.6000089148562,240
2,8,True,True,True,True,False,defer,8,0,30000,1,True,10,6.15.0,True,9000,fn06,25838.25,25450,28290,607.6000089148562,240
2,8,True,True,True,True,False,defer,8,0,30000,1,True,18,6.15.0,True,9000,fn05,31653.416666666668,31120,34070,604.4418855899677,240
2,8,True,True,True,True,False,defer,8,0,30000,1,True,18,6.15.0,True,9000,fn06,31653.416666666668,31120,34070,604.4418855899677,240
2,8,True,True,True,True,True,sqpoll,8,0,30000,1,True,10,6.15.0,True,9000,fn05,26296.791666666668,25270,27010,534.9043122502275,240
2,8,True,True,True,True,True,sqpoll,8,0,30000,1,True,10,6.15.0,True,9000,fn06,26296.791666666668,25270,27010,534.9043122502275,240
2,8,True,True,True,True,True,sqpoll,8,0,30000,1,True,18,6.15.0,True,9000,fn05,26450.125,25430,27060,589.654193327185,240
2,8,True,True,True,True,True,sqpoll,8,0,30000,1,True,18,6.15.0,True,9000,fn06,26450.125,25430,27060,589.654193327185,240
2,8,True,True,True,True,True,defer,8,0,30000,1,True,10,6.15.0,True,9000,fn05,20199.333333333332,20020,20660,120.92513753925975,240
2,8,True,True,True,True,True,defer,8,0,30000,1,True,10,6.15.0,True,9000,fn06,20199.333333333332,20020,20660,120.92513753925975,240
2,8,True,True,True,True,True,defer,8,0,30000,1,True,18,6.15.0,True,9000,fn05,21238.75,20980,22900,276.76121627376426,240
2,8,True,True,True,True,True,defer,8,0,30000,1,True,18,6.15.0,True,9000,fn06,21238.75,20980,22900,276.76121627376426,240
3,8,True,False,False,False,False,sqpoll,8,0,30000,1,True,10,6.15.0,True,9000,fn05,21784.416666666668,21450,22060,164.4728743254914,240
3,8,True,False,False,False,False,sqpoll,8,0,30000,1,True,10,6.15.0,True,9000,fn06,21784.416666666668,21450,22060,164.4728743254914,240
3,8,True,False,False,False,False,sqpoll,8,0,30000,1,True,18,6.15.0,True,9000,fn05,27674.041666666668,27260,28190,240.9579802867896,240
3,8,True,False,False,False,False,sqpoll,8,0,30000,1,True,18,6.15.0,True,9000,fn06,27674.041666666668,27260,28190,240.9579802867896,240
3,8,True,False,False,False,False,defer,8,0,30000,1,True,10,6.15.0,True,9000,fn05,26066.125,25700,28520,559.4785379038234,240
3,8,True,False,False,False,False,defer,8,0,30000,1,True,10,6.15.0,True,9000,fn06,26066.125,25700,28520,559.4785379038234,240
3,8,True,False,False,False,False,defer,8,0,30000,1,True,18,6.15.0,True,9000,fn05,32906.625,32420,35680,604.8896808854212,240
3,8,True,False,False,False,False,defer,8,0,30000,1,True,18,6.15.0,True,9000,fn06,32906.625,32420,35680,604.8896808854212,240
3,8,True,True,False,False,False,sqpoll,8,0,30000,1,True,10,6.15.0,True,9000,fn05,21739.0,21420,22010,174.86137366496925,240
3,8,True,True,False,False,False,sqpoll,8,0,30000,1,True,10,6.15.0,True,9000,fn06,21739.0,21420,22010,174.86137366496925,240
3,8,True,True,False,False,False,sqpoll,8,0,30000,1,True,18,6.15.0,True,9000,fn05,27675.125,27160,28280,280.1948447806752,240
3,8,True,True,False,False,False,sqpoll,8,0,30000,1,True,18,6.15.0,True,9000,fn06,27675.125,27160,28280,280.1948447806752,240
3,8,True,True,False,False,False,defer,8,0,30000,1,True,10,6.15.0,True,9000,fn05,25757.458333333332,25400,28300,471.57515123667076,240
3,8,True,True,False,False,False,defer,8,0,30000,1,True,10,6.15.0,True,9000,fn06,25757.458333333332,25400,28300,471.57515123667076,240
3,8,True,True,False,False,False,defer,8,0,30000,1,True,18,6.15.0,True,9000,fn05,33062.125,32600,35400,399.29634071492984,240
3,8,True,True,False,False,False,defer,8,0,30000,1,True,18,6.15.0,True,9000,fn06,33062.125,32600,35400,399.29634071492984,240
3,8,True,True,True,False,False,sqpoll,8,0,30000,1,True,10,6.15.0,True,9000,fn05,21699.0,21390,22040,157.10877335994533,240
3,8,True,True,True,False,False,sqpoll,8,0,30000,1,True,10,6.15.0,True,9000,fn06,21699.0,21390,22040,157.10877335994533,240
3,8,True,True,True,False,False,sqpoll,8,0,30000,1,True,18,6.15.0,True,9000,fn05,27691.5,27200,28310,288.11933291606795,240
3,8,True,True,True,False,False,sqpoll,8,0,30000,1,True,18,6.15.0,True,9000,fn06,27691.5,27200,28310,288.11933291606795,240
3,8,True,True,True,False,False,defer,8,0,30000,1,True,10,6.15.0,True,9000,fn05,25962.333333333332,25580,28420,580.4907885191251,240
3,8,True,True,True,False,False,defer,8,0,30000,1,True,10,6.15.0,True,9000,fn06,25962.333333333332,25580,28420,580.4907885191251,240
3,8,True,True,True,False,False,defer,8,0,30000,1,True,18,6.15.0,True,9000,fn05,32507.875,32040,34770,383.0601358903499,240
3,8,True,True,True,False,False,defer,8,0,30000,1,True,18,6.15.0,True,9000,fn06,32507.875,32040,34770,383.0601358903499,240
3,8,True,True,True,True,False,sqpoll,8,0,30000,1,True,10,6.15.0,True,9000,fn05,22519.166666666668,22190,22900,180.53200701137612,240
3,8,True,True,True,True,False,sqpoll,8,0,30000,1,True,10,6.15.0,True,9000,fn06,22519.166666666668,22190,22900,180.53200701137612,240
3,8,True,True,True,True,False,sqpoll,8,0,30000,1,True,18,6.15.0,True,9000,fn05,28445.166666666668,27900,29020,296.9483213550054,240
3,8,True,True,True,True,False,sqpoll,8,0,30000,1,True,18,6.15.0,True,9000,fn06,28445.166666666668,27900,29020,296.9483213550054,240
3,8,True,True,True,True,False,defer,8,0,30000,1,True,10,6.15.0,True,9000,fn05,25908.25,25440,28570,726.2777963699565,240
3,8,True,True,True,True,False,defer,8,0,30000,1,True,10,6.15.0,True,9000,fn06,25908.25,25440,28570,726.2777963699565,240
3,8,True,True,True,True,False,defer,8,0,30000,1,True,18,6.15.0,True,9000,fn05,31488.125,30880,34180,720.7237573266195,240
3,8,True,True,True,True,False,defer,8,0,30000,1,True,18,6.15.0,True,9000,fn06,31488.125,30880,34180,720.7237573266195,240
3,8,True,True,True,True,True,sqpoll,8,0,30000,1,True,10,6.15.0,True,9000,fn05,26367.875,25210,27850,530.7063541875111,240
3,8,True,True,True,True,True,sqpoll,8,0,30000,1,True,10,6.15.0,True,9000,fn06,26367.875,25210,27850,530.7063541875111,240
3,8,True,True,True,True,True,sqpoll,8,0,30000,1,True,18,6.15.0,True,9000,fn05,26509.708333333332,25380,27180,581.2166821394773,240
3,8,True,True,True,True,True,sqpoll,8,0,30000,1,True,18,6.15.0,True,9000,fn06,26509.708333333332,25380,27180,581.2166821394773,240
3,8,True,True,True,True,True,defer,8,0,30000,1,True,10,6.15.0,True,9000,fn05,20822.875,20190,21180,285.8810668354937,240
3,8,True,True,True,True,True,defer,8,0,30000,1,True,10,6.15.0,True,9000,fn06,20822.875,20190,21180,285.8810668354937,240
3,8,True,True,True,True,True,defer,8,0,30000,1,True,18,6.15.0,True,9000,fn05,21489.875,21080,23800,651.1953631911599,240
3,8,True,True,True,True,True,defer,8,0,30000,1,True,18,6.15.0,True,9000,fn06,21489.875,21080,23800,651.1953631911599,240
4,8,True,False,False,False,False,sqpoll,8,0,30000,1,True,10,6.15.0,True,9000,fn05,21774.166666666668,21490,22030,151.21223128070324,240
4,8,True,False,False,False,False,sqpoll,8,0,30000,1,True,10,6.15.0,True,9000,fn06,21774.166666666668,21490,22030,151.21223128070324,240
4,8,True,False,False,False,False,sqpoll,8,0,30000,1,True,18,6.15.0,True,9000,fn05,27725.375,27310,28180,231.1562084572537,240
4,8,True,False,False,False,False,sqpoll,8,0,30000,1,True,18,6.15.0,True,9000,fn06,27725.375,27310,28180,231.1562084572537,240
4,8,True,False,False,False,False,defer,8,0,30000,1,True,10,6.15.0,True,9000,fn05,26089.666666666668,25730,28660,564.1356712312701,240
4,8,True,False,False,False,False,defer,8,0,30000,1,True,10,6.15.0,True,9000,fn06,26089.666666666668,25730,28660,564.1356712312701,240
4,8,True,False,False,False,False,defer,8,0,30000,1,True,18,6.15.0,True,9000,fn05,32827.458333333336,32290,35680,575.4032990844094,240
4,8,True,False,False,False,False,defer,8,0,30000,1,True,18,6.15.0,True,9000,fn06,32827.458333333336,32290,35680,575.4032990844094,240
4,8,True,True,False,False,False,sqpoll,8,0,30000,1,True,10,6.15.0,True,9000,fn05,21789.208333333332,21460,22090,168.61135765586954,240
4,8,True,True,False,False,False,sqpoll,8,0,30000,1,True,10,6.15.0,True,9000,fn06,21789.208333333332,21460,22090,168.61135765586954,240
4,8,True,True,False,False,False,sqpoll,8,0,30000,1,True,18,6.15.0,True,9000,fn05,27598.541666666668,27150,28120,259.03176754448907,240
4,8,True,True,False,False,False,sqpoll,8,0,30000,1,True,18,6.15.0,True,9000,fn06,27598.541666666668,27150,28120,259.03176754448907,240
4,8,True,True,False,False,False,defer,8,0,30000,1,True,10,6.15.0,True,9000,fn05,26091.708333333332,25660,28740,661.8452726510598,240
4,8,True,True,False,False,False,defer,8,0,30000,1,True,10,6.15.0,True,9000,fn06,26091.708333333332,25660,28740,661.8452726510598,240
4,8,True,True,False,False,False,defer,8,0,30000,1,True,18,6.15.0,True,9000,fn05,33339.666666666664,32810,36140,533.6695815035949,240
4,8,True,True,False,False,False,defer,8,0,30000,1,True,18,6.15.0,True,9000,fn06,33339.666666666664,32810,36140,533.6695815035949,240
4,8,True,True,True,False,False,sqpoll,8,0,30000,1,True,10,6.15.0,True,9000,fn05,21663.875,21340,21970,152.04572023462768,240
4,8,True,True,True,False,False,sqpoll,8,0,30000,1,True,10,6.15.0,True,9000,fn06,21663.875,21340,21970,152.04572023462768,240
4,8,True,True,True,False,False,sqpoll,8,0,30000,1,True,18,6.15.0,True,9000,fn05,27360.041666666668,26930,27870,230.9500269117879,240
4,8,True,True,True,False,False,sqpoll,8,0,30000,1,True,18,6.15.0,True,9000,fn06,27360.041666666668,26930,27870,230.9500269117879,240
4,8,True,True,True,False,False,defer,8,0,30000,1,True,10,6.15.0,True,9000,fn05,25927.583333333332,25630,28480,362.3764061334874,240
4,8,True,True,True,False,False,defer,8,0,30000,1,True,10,6.15.0,True,9000,fn06,25927.583333333332,25630,28480,362.3764061334874,240
4,8,True,True,True,False,False,defer,8,0,30000,1,True,18,6.15.0,True,9000,fn05,32645.666666666668,32140,35320,519.3998673683141,240
4,8,True,True,True,False,False,defer,8,0,30000,1,True,18,6.15.0,True,9000,fn06,32645.666666666668,32140,35320,519.3998673683141,240
4,8,True,True,True,True,False,sqpoll,8,0,30000,1,True,10,6.15.0,True,9000,fn05,22511.541666666668,22220,22780,166.8997900854149,240
4,8,True,True,True,True,False,sqpoll,8,0,30000,1,True,10,6.15.0,True,9000,fn06,22511.541666666668,22220,22780,166.8997900854149,240
4,8,True,True,True,True,False,sqpoll,8,0,30000,1,True,18,6.15.0,True,9000,fn05,28704.083333333332,28080,29360,332.3740258437105,240
4,8,True,True,True,True,False,sqpoll,8,0,30000,1,True,18,6.15.0,True,9000,fn06,28704.083333333332,28080,29360,332.3740258437105,240
4,8,True,True,True,True,False,defer,8,0,30000,1,True,10,6.15.0,True,9000,fn05,25979.25,25520,28650,713.0692608949942,240
4,8,True,True,True,True,False,defer,8,0,30000,1,True,10,6.15.0,True,9000,fn06,25979.25,25520,28650,713.0692608949942,240
4,8,True,True,True,True,False,defer,8,0,30000,1,True,18,6.15.0,True,9000,fn05,31542.833333333332,31030,34310,624.6454772286614,240
4,8,True,True,True,True,False,defer,8,0,30000,1,True,18,6.15.0,True,9000,fn06,31542.833333333332,31030,34310,624.6454772286614,240
4,8,True,True,True,True,True,sqpoll,8,0,30000,1,True,10,6.15.0,True,9000,fn05,26445.375,25340,27890,538.079789041551,240
4,8,True,True,True,True,True,sqpoll,8,0,30000,1,True,10,6.15.0,True,9000,fn06,26445.375,25340,27890,538.079789041551,240
4,8,True,True,True,True,True,sqpoll,8,0,30000,1,True,18,6.15.0,True,9000,fn05,26547.375,25410,28360,612.9737835951877,240
4,8,True,True,True,True,True,sqpoll,8,0,30000,1,True,18,6.15.0,True,9000,fn06,26547.375,25410,28360,612.9737835951877,240
4,8,True,True,True,True,True,defer,8,0,30000,1,True,10,6.15.0,True,9000,fn05,20720.041666666668,20100,21140,359.5129783432334,240
4,8,True,True,True,True,True,defer,8,0,30000,1,True,10,6.15.0,True,9000,fn06,20720.041666666668,20100,21140,359.5129783432334,240
4,8,True,True,True,True,True,defer,8,0,30000,1,True,18,6.15.0,True,9000,fn05,22382.125,21040,25860,1353.775609560782,240
4,8,True,True,True,True,True,defer,8,0,30000,1,True,18,6.15.0,True,9000,fn06,22382.125,21040,25860,1353.775609560782,240
