run,setup_mode,workload,submit_always,sync_variant,posix_variant,duration,virt_size,free_target,page_table_factor,concurrency,evict_batch,reg_ring,reg_fds,reg_bufs,nvme_cmds,iopoll,ycsb_read_ratio,ycsb_tuple_count,tpcc_warehouses,libaio,kernel,mitigations,node,ssd,ts,tps,reads,writes,io_cycles,allocs,get_events,fiber_run,pt_%,bm_%,io_out,reads/submit,cycles/write,fixes/txn,restarts/txn,gets,cq/get,total_cycles
0,defer,ycsb,False,True,False,10000,1073741824,0.1,2.5,1,1,False,False,False,False,False,0,10000000,1,False,6.15.0-rc7,True,fn01,/dev/nvme1n1,1,0.0,0,0,0,112759,0,1,0.107536,0.430149,0,nan,nan,0,0,0,nan,4512460283136
0,defer,ycsb,False,True,False,10000,1073741824,0.1,2.5,1,1,False,False,False,False,False,0,10000000,1,False,6.15.0-rc7,True,fn01,/dev/nvme1n1,2,0.0,0,0,0,123401,0,0,0.22522,0.900883,0,nan,nan,0,0,0,nan,2396432112
0,defer,ycsb,False,True,False,10000,1073741824,0.1,2.5,1,1,False,False,False,False,False,0,10000000,1,False,6.15.0-rc7,True,fn01,/dev/nvme1n1,3,0.0,0,44631,1309833576,52199,0,3,0.232437,0.929745,0,nan,0,0,0,0,inf,2396612400
0,defer,ycsb,False,True,False,10000,1073741824,0.1,2.5,1,1,False,False,False,False,False,0,10000000,1,False,6.15.0-rc7,True,fn01,/dev/nvme1n1,4,0.0,0,44599,1304801784,52430,0,4,0.239905,0.959618,0,nan,0,0,0,0,inf,2396619720
0,defer,ycsb,False,True,False,10000,1073741824,0.1,2.5,1,1,False,False,False,False,False,0,10000000,1,False,6.15.0-rc7,True,fn01,/dev/nvme1n1,5,0.0,0,44514,1304371536,52430,0,4,0.247455,0.989815,0,nan,0,0,0,0,inf,2396616768
0,defer,ycsb,False,True,False,10000,1073741824,0.1,2.5,1,1,False,False,False,False,False,0,10000000,1,False,6.15.0-rc7,True,fn01,/dev/nvme1n1,6,0.0,0,49761,1458403176,44413,0,3,0.242354,0.969425,0,nan,0,0,0,0,inf,2396632344
0,defer,ycsb,False,True,False,10000,1073741824,0.1,2.5,1,1,False,False,False,False,False,0,10000000,1,False,6.15.0-rc7,True,fn01,/dev/nvme1n1,7,0.0,0,52430,1540318272,40232,0,4,0.230721,0.922894,0,nan,0,0,0,0,inf,2396622168
0,defer,ycsb,False,True,False,10000,1073741824,0.1,2.5,1,1,False,False,False,False,False,0,10000000,1,False,6.15.0-rc7,True,fn01,/dev/nvme1n1,8,0.0,0,48315,1414876872,46430,0,3,0.228924,0.915691,0,nan,0,0,0,0,inf,2396688360
0,defer,ycsb,False,True,False,10000,1073741824,0.1,2.5,1,1,False,False,False,False,False,0,10000000,1,False,6.15.0-rc7,True,fn01,/dev/nvme1n1,9,0.0,0,44645,1304768448,52430,0,4,0.236347,0.945389,0,nan,0,0,0,0,inf,2396593104
0,defer,ycsb,False,True,False,10000,1073741824,0.1,2.5,1,1,False,False,False,False,False,0,10000000,1,False,6.15.0-rc7,True,fn01,/dev/nvme1n1,10,0.0,0,44622,1306716192,52430,0,4,0.243794,0.975174,0,nan,0,0,0,0,inf,2396623824
0,defer,ycsb,False,True,False,10000,1073741824,0.1,2.5,1,1,False,False,False,False,False,0,10000000,1,False,6.15.0-rc7,True,fn01,/dev/nvme1n1,11,0.0,0,45923,1345974984,50312,0,3,0.24798,0.991924,0,nan,0,0,0,0,inf,2396624016
0,defer,ycsb,False,True,False,10000,1073741824,0.1,2.5,1,1,False,False,False,False,False,0,10000000,1,False,6.15.0-rc7,True,fn01,/dev/nvme1n1,12,0.0,0,52430,1537957776,40496,0,4,0.236599,0.946404,0,nan,0,0,0,0,inf,2396629440
0,defer,ycsb,False,True,False,10000,1073741824,0.1,2.5,1,1,False,False,False,False,False,0,10000000,1,False,6.15.0-rc7,True,fn01,/dev/nvme1n1,13,0.0,0,52430,1536267264,40544,0,4,0.225264,0.901058,0,nan,0,0,0,0,inf,2396608752
0,defer,ycsb,False,True,False,10000,1073741824,0.1,2.5,1,1,False,False,False,False,False,0,10000000,1,False,6.15.0-rc7,True,fn01,/dev/nvme1n1,14,5616.039,7055,18446744073709053491,1961224848,18844,0,8731,0.225,0.900002,0,inf,0,9651.79,1.26878,0,inf,2396625912
0,defer,ycsb,False,True,False,10000,1073741824,0.1,2.5,1,1,False,False,False,False,False,0,10000000,1,False,6.15.0-rc7,True,fn01,/dev/nvme1n1,15,12553.261999999999,11649,11649,2318367216,0,0,17752,0.225001,0.900005,0,inf,0,9.43989,0.934237,0,inf,2396619072
0,defer,ycsb,False,True,False,10000,1073741824,0.1,2.5,1,1,False,False,False,False,False,0,10000000,1,False,6.15.0-rc7,True,fn01,/dev/nvme1n1,16,15204.693,11618,11618,2307901464,0,0,20691,0.225001,0.900005,0,inf,0,8.78438,0.769608,0,inf,2396626464
0,defer,ycsb,False,True,False,10000,1073741824,0.1,2.5,1,1,False,False,False,False,False,0,10000000,1,False,6.15.0-rc7,True,fn01,/dev/nvme1n1,17,16327.497999999998,11590,11590,2303852256,0,0,21968,0.225001,0.900005,0,inf,0,8.5618,0.714814,0,inf,2396624736
0,defer,ycsb,False,True,False,10000,1073741824,0.1,2.5,1,1,False,False,False,False,False,0,10000000,1,False,6.15.0-rc7,True,fn01,/dev/nvme1n1,18,16411.078999999998,11552,11552,2303501472,0,0,22066,0.225001,0.900005,0,inf,0,8.54178,0.708799,0,inf,2396629440
0,defer,ycsb,False,True,False,10000,1073741824,0.1,2.5,1,1,False,False,False,False,False,0,10000000,1,False,6.15.0-rc7,True,fn01,/dev/nvme1n1,19,16550.045,11581,11581,2302885368,0,0,22221,0.225,0.900002,0,inf,0,8.52276,0.704698,0,inf,2396657376
0,defer,ycsb,False,True,False,10000,1073741824,0.1,2.5,1,1,False,False,False,False,False,0,10000000,1,False,6.15.0-rc7,True,fn01,/dev/nvme1n1,20,16546.017,11544,11545,2302532232,0,0,22204,0.225,0.900005,0,inf,0,8.5129,0.702593,0,inf,2396628456
0,defer,ycsb,False,True,False,10000,1073741824,0.1,2.5,1,1,False,False,False,False,False,0,10000000,1,False,6.15.0-rc7,True,fn01,/dev/nvme1n1,21,16469.484999999997,11585,11584,2303458848,0,0,22147,0.225001,0.900005,0,inf,0,8.54164,0.708328,0,inf,2396625864
0,defer,ycsb,False,True,False,10000,1073741824,0.1,2.5,1,1,False,False,False,False,False,0,10000000,1,False,6.15.0-rc7,True,fn01,/dev/nvme1n1,22,16440.282,11591,11592,2303804568,0,0,22122,0.225,0.900002,0,inf,0,8.54986,0.709972,0,inf,2396623200
0,defer,ycsb,False,True,False,10000,1073741824,0.1,2.5,1,1,False,False,False,False,False,0,10000000,1,False,6.15.0-rc7,True,fn01,/dev/nvme1n1,23,16538.967999999997,11574,11574,2302797144,0,0,22211,0.225,0.900002,0,inf,0,8.5235,0.7047,0,inf,2396623872
0,defer,ycsb,False,True,False,10000,1073741824,0.1,2.5,1,1,True,True,False,False,False,0,10000000,1,False,6.15.0-rc7,True,fn01,/dev/nvme1n1,1,0.0,0,0,0,112864,0,1,0.107635,0.430546,0,nan,nan,0,0,0,nan,4570700125728
0,defer,ycsb,False,True,False,10000,1073741824,0.1,2.5,1,1,True,True,False,False,False,0,10000000,1,False,6.15.0-rc7,True,fn01,/dev/nvme1n1,2,0.0,0,0,0,123426,0,0,0.225344,0.901379,0,nan,nan,0,0,0,nan,2396461944
0,defer,ycsb,False,True,False,10000,1073741824,0.1,2.5,1,1,True,True,False,False,False,0,10000000,1,False,6.15.0-rc7,True,fn01,/dev/nvme1n1,3,0.0,0,44737,1313300160,52069,0,3,0.232335,0.92934,0,nan,0,0,0,0,inf,2396674944
0,defer,ycsb,False,True,False,10000,1073741824,0.1,2.5,1,1,True,True,False,False,False,0,10000000,1,False,6.15.0-rc7,True,fn01,/dev/nvme1n1,4,0.0,0,44991,1309249536,52430,0,4,0.23943,0.957718,0,nan,0,0,0,0,inf,2396700984
0,defer,ycsb,False,True,False,10000,1073741824,0.1,2.5,1,1,True,True,False,False,False,0,10000000,1,False,6.15.0-rc7,True,fn01,/dev/nvme1n1,5,0.0,0,44802,1307613792,52430,0,4,0.246705,0.986816,0,nan,0,0,0,0,inf,2396705400
0,defer,ycsb,False,True,False,10000,1073741824,0.1,2.5,1,1,True,True,False,False,False,0,10000000,1,False,6.15.0-rc7,True,fn01,/dev/nvme1n1,6,0.0,0,48975,1430199840,45894,0,3,0.243767,0.975075,0,nan,0,0,0,0,inf,2396707224
0,defer,ycsb,False,True,False,10000,1073741824,0.1,2.5,1,1,True,True,False,False,False,0,10000000,1,False,6.15.0-rc7,True,fn01,/dev/nvme1n1,7,0.0,0,52430,1527184440,40868,0,4,0.23274,0.930965,0,nan,0,0,0,0,inf,2396663424
0,defer,ycsb,False,True,False,10000,1073741824,0.1,2.5,1,1,True,True,False,False,False,0,10000000,1,False,6.15.0-rc7,True,fn01,/dev/nvme1n1,8,0.0,0,49948,1456194840,44313,0,3,0.227366,0.909462,0,nan,0,0,0,0,inf,2396663712
0,defer,ycsb,False,True,False,10000,1073741824,0.1,2.5,1,1,True,True,False,False,False,0,10000000,1,False,6.15.0-rc7,True,fn01,/dev/nvme1n1,9,0.0,0,44653,1303527552,52430,0,4,0.234782,0.939129,0,nan,0,0,0,0,inf,2396678640
0,defer,ycsb,False,True,False,10000,1073741824,0.1,2.5,1,1,True,True,False,False,False,0,10000000,1,False,6.15.0-rc7,True,fn01,/dev/nvme1n1,10,0.0,0,44828,1307544336,52430,0,4,0.242032,0.968128,0,nan,0,0,0,0,inf,2396658072
0,defer,ycsb,False,True,False,10000,1073741824,0.1,2.5,1,1,True,True,False,False,False,0,10000000,1,False,6.15.0-rc7,True,fn01,/dev/nvme1n1,11,0.0,0,44712,1305530976,52430,0,4,0.249393,0.99757,0,nan,0,0,0,0,inf,2396658216
0,defer,ycsb,False,True,False,10000,1073741824,0.1,2.5,1,1,True,True,False,False,False,0,10000000,1,False,6.15.0-rc7,True,fn01,/dev/nvme1n1,12,0.0,0,51794,1507051320,42036,0,3,0.240088,0.960354,0,nan,0,0,0,0,inf,2396655720
0,defer,ycsb,False,True,False,10000,1073741824,0.1,2.5,1,1,True,True,False,False,False,0,10000000,1,False,6.15.0-rc7,True,fn01,/dev/nvme1n1,13,0.0,0,52430,1530504936,40749,0,4,0.228948,0.915794,0,nan,0,0,0,0,inf,2396699520
0,defer,ycsb,False,True,False,10000,1073741824,0.1,2.5,1,1,True,True,False,False,False,0,10000000,1,False,6.15.0-rc7,True,fn01,/dev/nvme1n1,14,5999.705999999999,7467,18446744073709053904,2036103840,14981,0,9291,0.225,0.900002,0,inf,0,9035.22,1.2568,0,inf,2396636880
0,defer,ycsb,False,True,False,10000,1073741824,0.1,2.5,1,1,True,True,False,False,False,0,10000000,1,False,6.15.0-rc7,True,fn01,/dev/nvme1n1,15,12742.578,11724,11723,2318478048,0,0,17982,0.225001,0.900005,0,inf,0,9.4107,0.926505,0,inf,2396616504
0,defer,ycsb,False,True,False,10000,1073741824,0.1,2.5,1,1,True,True,False,False,False,0,10000000,1,False,6.15.0-rc7,True,fn01,/dev/nvme1n1,16,15335.603,11666,11666,2308445016,0,0,20861,0.225001,0.900005,0,inf,0,8.77063,0.766038,0,inf,2396730672
0,defer,ycsb,False,True,False,10000,1073741824,0.1,2.5,1,1,True,True,False,False,False,0,10000000,1,False,6.15.0-rc7,True,fn01,/dev/nvme1n1,17,16458.408,11660,11660,2303749104,0,0,22139,0.225001,0.900005,0,inf,0,8.55586,0.713412,0,inf,2396633400
0,defer,ycsb,False,True,False,10000,1073741824,0.1,2.5,1,1,True,True,False,False,False,0,10000000,1,False,6.15.0-rc7,True,fn01,/dev/nvme1n1,18,16631.611999999997,11679,11679,2302906680,0,0,22349,0.225001,0.900005,0,inf,0,8.53363,0.70709,0,inf,2396716104
0,defer,ycsb,False,True,False,10000,1073741824,0.1,2.5,1,1,True,True,False,False,False,0,10000000,1,False,6.15.0-rc7,True,fn01,/dev/nvme1n1,19,16599.388,11634,11634,2303194872,0,0,22297,0.225001,0.900005,0,inf,0,8.52836,0.705818,0,inf,2396702880
0,defer,ycsb,False,True,False,10000,1073741824,0.1,2.5,1,1,True,True,False,False,False,0,10000000,1,False,6.15.0-rc7,True,fn01,/dev/nvme1n1,20,16637.654,11621,11622,2302885752,0,0,22333,0.225,0.900002,0,inf,0,8.51677,0.703365,0,inf,2396692224
0,defer,ycsb,False,True,False,10000,1073741824,0.1,2.5,1,1,True,True,False,False,False,0,10000000,1,False,6.15.0-rc7,True,fn01,/dev/nvme1n1,21,16639.667999999998,11658,11658,2303059272,0,0,22353,0.225,0.900002,0,inf,0,8.5276,0.705519,0,inf,2396677224
0,defer,ycsb,False,True,False,10000,1073741824,0.1,2.5,1,1,True,True,False,False,False,0,10000000,1,False,6.15.0-rc7,True,fn01,/dev/nvme1n1,22,16504.73,11650,11650,2303989800,0,0,22215,0.225,0.900002,0,inf,0,8.554,0.710799,0,inf,2396684520
0,defer,ycsb,False,True,False,10000,1073741824,0.1,2.5,1,1,True,True,False,False,False,0,10000000,1,False,6.15.0-rc7,True,fn01,/dev/nvme1n1,23,16528.897999999997,11604,11603,2303366208,0,0,22215,0.225,0.900002,0,inf,0,8.53479,0.706957,0,inf,2396696232
0,defer,ycsb,False,True,False,10000,1073741824,0.1,2.5,1,1,True,True,True,False,False,0,10000000,1,False,6.15.0-rc7,True,fn01,/dev/nvme1n1,1,0.0,0,0,0,112426,0,1,0.107218,0.428879,0,nan,nan,0,0,0,nan,4628907909144
0,defer,ycsb,False,True,False,10000,1073741824,0.1,2.5,1,1,True,True,True,False,False,0,10000000,1,False,6.15.0-rc7,True,fn01,/dev/nvme1n1,2,0.0,0,0,0,123515,0,0,0.225011,0.900047,0,nan,nan,0,0,0,nan,2396362128
0,defer,ycsb,False,True,False,10000,1073741824,0.1,2.5,1,1,True,True,True,False,False,0,10000000,1,False,6.15.0-rc7,True,fn01,/dev/nvme1n1,3,0.0,0,45677,1307698656,52418,0,3,0.231439,0.925755,0,nan,0,0,0,0,inf,2396609040
0,defer,ycsb,False,True,False,10000,1073741824,0.1,2.5,1,1,True,True,True,False,False,0,10000000,1,False,6.15.0-rc7,True,fn01,/dev/nvme1n1,4,0.0,0,45777,1308469536,52430,0,4,0.237784,0.951134,0,nan,0,0,0,0,inf,2396662248
0,defer,ycsb,False,True,False,10000,1073741824,0.1,2.5,1,1,True,True,True,False,False,0,10000000,1,False,6.15.0-rc7,True,fn01,/dev/nvme1n1,5,0.0,0,46151,1306454592,52430,0,4,0.243773,0.975086,0,nan,0,0,0,0,inf,2396694024
0,defer,ycsb,False,True,False,10000,1073741824,0.1,2.5,1,1,True,True,True,False,False,0,10000000,1,False,6.15.0-rc7,True,fn01,/dev/nvme1n1,6,0.0,0,48814,1296412032,52430,0,4,0.247221,0.98888,0,nan,0,0,0,0,inf,2396661744
0,defer,ycsb,False,True,False,10000,1073741824,0.1,2.5,1,1,True,True,True,False,False,0,10000000,1,False,6.15.0-rc7,True,fn01,/dev/nvme1n1,7,0.0,0,49516,1326057936,51034,0,3,0.248669,0.994678,0,nan,0,0,0,0,inf,2396634912
0,defer,ycsb,False,True,False,10000,1073741824,0.1,2.5,1,1,True,True,True,False,False,0,10000000,1,False,6.15.0-rc7,True,fn01,/dev/nvme1n1,8,0.0,0,52430,1444795368,44813,0,4,0.241405,0.965626,0,nan,0,0,0,0,inf,2396597640
0,defer,ycsb,False,True,False,10000,1073741824,0.1,2.5,1,1,True,True,True,False,False,0,10000000,1,False,6.15.0-rc7,True,fn01,/dev/nvme1n1,9,0.0,0,52430,1502922048,42180,0,4,0.231629,0.926521,0,nan,0,0,0,0,inf,2396644560
0,defer,ycsb,False,True,False,10000,1073741824,0.1,2.5,1,1,True,True,True,False,False,0,10000000,1,False,6.15.0-rc7,True,fn01,/dev/nvme1n1,10,0.0,0,50074,1441153392,45478,0,3,0.227246,0.908981,0,nan,0,0,0,0,inf,2396659920
0,defer,ycsb,False,True,False,10000,1073741824,0.1,2.5,1,1,True,True,True,False,False,0,10000000,1,False,6.15.0-rc7,True,fn01,/dev/nvme1n1,11,0.0,0,45670,1306505496,52430,0,4,0.233693,0.934769,0,nan,0,0,0,0,inf,2396651760
0,defer,ycsb,False,True,False,10000,1073741824,0.1,2.5,1,1,True,True,True,False,False,0,10000000,1,False,6.15.0-rc7,True,fn01,/dev/nvme1n1,12,0.0,0,45550,1305004872,52430,0,4,0.240254,0.961014,0,nan,0,0,0,0,inf,2396651256
0,defer,ycsb,False,True,False,10000,1073741824,0.1,2.5,1,1,True,True,True,False,False,0,10000000,1,False,6.15.0-rc7,True,fn01,/dev/nvme1n1,13,0.0,0,18446744073709077659,1441429464,45336,0,4,0.235479,0.941914,0,nan,0,0,0,0,inf,2396649120
0,defer,ycsb,False,True,False,10000,1073741824,0.1,2.5,1,1,True,True,True,False,False,0,10000000,1,False,6.15.0-rc7,True,fn01,/dev/nvme1n1,14,8640.06,10209,21197,2327682792,0,0,13123,0.225,0.900002,0,inf,0,6276.4,1.19217,0,inf,2396665272
0,defer,ycsb,False,True,False,10000,1073741824,0.1,2.5,1,1,True,True,True,False,False,0,10000000,1,False,6.15.0-rc7,True,fn01,/dev/nvme1n1,15,13560.261999999999,11728,11727,2315013768,0,0,18893,0.225001,0.900002,0,inf,0,9.18944,0.87086,0,inf,2396656896
0,defer,ycsb,False,True,False,10000,1073741824,0.1,2.5,1,1,True,True,True,False,False,0,10000000,1,False,6.15.0-rc7,True,fn01,/dev/nvme1n1,16,15791.773999999998,11673,11675,2305998192,0,0,21368,0.224999,0.900002,0,inf,0,8.68021,0.74442,0,inf,2396658120
0,defer,ycsb,False,True,False,10000,1073741824,0.1,2.5,1,1,True,True,True,False,False,0,10000000,1,False,6.15.0-rc7,True,fn01,/dev/nvme1n1,17,16423.162999999997,11660,11659,2302983672,0,0,22113,0.225001,0.900005,0,inf,0,8.56711,0.714943,0,inf,2396647416
0,defer,ycsb,False,True,False,10000,1073741824,0.1,2.5,1,1,True,True,True,False,False,0,10000000,1,False,6.15.0-rc7,True,fn01,/dev/nvme1n1,18,16691.024999999998,11670,11670,2302768632,0,0,22406,0.225001,0.900005,0,inf,0,8.5191,0.704072,0,inf,2396659344
0,defer,ycsb,False,True,False,10000,1073741824,0.1,2.5,1,1,True,True,True,False,False,0,10000000,1,False,6.15.0-rc7,True,fn01,/dev/nvme1n1,19,16674.912999999997,11690,11690,2302967616,0,0,22401,0.225001,0.900005,0,inf,0,8.52953,0.706003,0,inf,2396659992
0,defer,ycsb,False,True,False,10000,1073741824,0.1,2.5,1,1,True,True,True,False,False,0,10000000,1,False,6.15.0-rc7,True,fn01,/dev/nvme1n1,20,16678.941,11632,11632,2302804992,0,0,22379,0.225001,0.900005,0,inf,0,8.51138,0.702288,0,inf,2396555568
0,defer,ycsb,False,True,False,10000,1073741824,0.1,2.5,1,1,True,True,True,False,False,0,10000000,1,False,6.15.0-rc7,True,fn01,/dev/nvme1n1,21,16577.233999999997,11670,11670,2303238936,0,0,22297,0.225001,0.900005,0,inf,0,8.54453,0.708905,0,inf,2396645448
0,defer,ycsb,False,True,False,10000,1073741824,0.1,2.5,1,1,True,True,True,False,False,0,10000000,1,False,6.15.0-rc7,True,fn01,/dev/nvme1n1,22,16635.64,11663,11662,2303185056,0,0,22351,0.225001,0.900002,0,inf,0,8.5299,0.705932,0,inf,2396714592
0,defer,ycsb,False,True,False,10000,1073741824,0.1,2.5,1,1,True,True,True,True,False,0,10000000,1,False,6.15.0-rc7,True,fn01,/dev/ng1n1,1,0.0,0,0,0,112288,0,1,0.107087,0.428352,0,nan,nan,0,0,0,nan,4684699474776
0,defer,ycsb,False,True,False,10000,1073741824,0.1,2.5,1,1,True,True,True,True,False,0,10000000,1,False,6.15.0-rc7,True,fn01,/dev/ng1n1,2,0.0,0,0,0,123466,0,0,0.224833,0.899338,0,nan,nan,0,0,0,nan,2396352624
0,defer,ycsb,False,True,False,10000,1073741824,0.1,2.5,1,1,True,True,True,True,False,0,10000000,1,False,6.15.0-rc7,True,fn01,/dev/ng1n1,3,0.0,0,49481,1299958200,52605,0,3,0.227811,0.91124,0,nan,0,0,0,0,inf,2396661120
0,defer,ycsb,False,True,False,10000,1073741824,0.1,2.5,1,1,True,True,True,True,False,0,10000000,1,False,6.15.0-rc7,True,fn01,/dev/ng1n1,4,0.0,0,49600,1302995688,52430,0,4,0.230511,0.922039,0,nan,0,0,0,0,inf,2396661888
0,defer,ycsb,False,True,False,10000,1073741824,0.1,2.5,1,1,True,True,True,True,False,0,10000000,1,False,6.15.0-rc7,True,fn01,/dev/ng1n1,5,0.0,0,49746,1303984224,52430,0,4,0.23307,0.932278,0,nan,0,0,0,0,inf,2396650200
0,defer,ycsb,False,True,False,10000,1073741824,0.1,2.5,1,1,True,True,True,True,False,0,10000000,1,False,6.15.0-rc7,True,fn01,/dev/ng1n1,6,0.0,0,49347,1297846752,52430,0,4,0.236011,0.944038,0,nan,0,0,0,0,inf,2396520912
0,defer,ycsb,False,True,False,10000,1073741824,0.1,2.5,1,1,True,True,True,True,False,0,10000000,1,False,6.15.0-rc7,True,fn01,/dev/ng1n1,7,0.0,0,49110,1295490000,52430,0,4,0.239177,0.956703,0,nan,0,0,0,0,inf,2396648640
0,defer,ycsb,False,True,False,10000,1073741824,0.1,2.5,1,1,True,True,True,True,False,0,10000000,1,False,6.15.0-rc7,True,fn01,/dev/ng1n1,8,0.0,0,49363,1297370208,52430,0,4,0.242102,0.968403,0,nan,0,0,0,0,inf,2396689320
0,defer,ycsb,False,True,False,10000,1073741824,0.1,2.5,1,1,True,True,True,True,False,0,10000000,1,False,6.15.0-rc7,True,fn01,/dev/ng1n1,9,0.0,0,49522,1301786424,52430,0,4,0.244875,0.979496,0,nan,0,0,0,0,inf,2396656656
0,defer,ycsb,False,True,False,10000,1073741824,0.1,2.5,1,1,True,True,True,True,False,0,10000000,1,False,6.15.0-rc7,True,fn01,/dev/ng1n1,10,0.0,0,49453,1301863536,52430,0,4,0.247714,0.990852,0,nan,0,0,0,0,inf,2396559024
0,defer,ycsb,False,True,False,10000,1073741824,0.1,2.5,1,1,True,True,True,True,False,0,10000000,1,False,6.15.0-rc7,True,fn01,/dev/ng1n1,11,0.0,0,50033,1316115792,51568,0,3,0.249178,0.996716,0,nan,0,0,0,0,inf,2396659032
0,defer,ycsb,False,True,False,10000,1073741824,0.1,2.5,1,1,True,True,True,True,False,0,10000000,1,False,6.15.0-rc7,True,fn01,/dev/ng1n1,12,0.0,0,52430,1376435040,48398,0,4,0.245333,0.981335,0,nan,0,0,0,0,inf,2396659320
0,defer,ycsb,False,True,False,10000,1073741824,0.1,2.5,1,1,True,True,True,True,False,0,10000000,1,False,6.15.0-rc7,True,fn01,/dev/ng1n1,13,2515.486,3440,18446744073709076091,1853720520,24015,0,4057,0.225001,0.900005,0,inf,0,21535.6,1.38551,0,inf,2396665992
0,defer,ycsb,False,True,False,10000,1073741824,0.1,2.5,1,1,True,True,True,True,False,0,10000000,1,False,6.15.0-rc7,True,fn01,/dev/ng1n1,14,11898.712,12103,12103,2320726344,0,0,17222,0.225001,0.900005,0,inf,0,9.80036,1.02429,0,inf,2396655768
0,defer,ycsb,False,True,False,10000,1073741824,0.1,2.5,1,1,True,True,True,True,False,0,10000000,1,False,6.15.0-rc7,True,fn01,/dev/ng1n1,15,15218.791,12050,12051,2307143592,0,0,20848,0.225,0.900002,0,inf,0,8.89612,0.797274,0,inf,2396544552
0,defer,ycsb,False,True,False,10000,1073741824,0.1,2.5,1,1,True,True,True,True,False,0,10000000,1,False,6.15.0-rc7,True,fn01,/dev/ng1n1,16,16742.381999999998,11962,11961,2301586920,0,0,22538,0.225001,0.900005,0,inf,0,8.57865,0.719519,0,inf,2396666520
0,defer,ycsb,False,True,False,10000,1073741824,0.1,2.5,1,1,True,True,True,True,False,0,10000000,1,False,6.15.0-rc7,True,fn01,/dev/ng1n1,17,16907.53,11946,11947,2301067056,0,0,22754,0.225,0.900002,0,inf,0,8.55473,0.711495,0,inf,2396661216
0,defer,ycsb,False,True,False,10000,1073741824,0.1,2.5,1,1,True,True,True,True,False,0,10000000,1,False,6.15.0-rc7,True,fn01,/dev/ng1n1,18,17136.119,11958,11958,2299778088,0,0,22992,0.225,0.900002,0,inf,0,8.51272,0.702709,0,inf,2396560248
0,defer,ycsb,False,True,False,10000,1073741824,0.1,2.5,1,1,True,True,True,True,False,0,10000000,1,False,6.15.0-rc7,True,fn01,/dev/ng1n1,19,17120.006999999998,11977,11976,2300270592,0,0,22990,0.225001,0.900002,0,inf,0,8.5222,0.704464,0,inf,2396714640
0,defer,ycsb,False,True,False,10000,1073741824,0.1,2.5,1,1,True,True,True,True,False,0,10000000,1,False,6.15.0-rc7,True,fn01,/dev/ng1n1,20,17042.467999999997,11966,11966,2299880328,0,0,22906,0.225001,0.900005,0,inf,0,8.53513,0.707026,0,inf,2396603256
0,defer,ycsb,False,True,False,10000,1073741824,0.1,2.5,1,1,True,True,True,True,False,0,10000000,1,False,6.15.0-rc7,True,fn01,/dev/ng1n1,21,16996.145999999997,11987,11988,2300742264,0,0,22872,0.225,0.900002,0,inf,0,8.55128,0.710257,0,inf,2396657520
0,defer,ycsb,False,True,False,10000,1073741824,0.1,2.5,1,1,True,True,True,True,False,0,10000000,1,False,6.15.0-rc7,True,fn01,/dev/ng1n1,22,17124.035,11983,11982,2299794360,0,0,22996,0.225001,0.900005,0,inf,0,8.52338,0.704675,0,inf,2396559744
0,defer,ycsb,False,True,False,10000,1073741824,0.1,2.5,1,1,True,True,True,True,True,0,10000000,1,False,6.15.0-rc7,True,fn01,/dev/ng1n1,1,0.0,0,0,0,112533,0,1,0.107321,0.429287,0,nan,nan,0,0,0,nan,4740566850816
0,defer,ycsb,False,True,False,10000,1073741824,0.1,2.5,1,1,True,True,True,True,True,0,10000000,1,False,6.15.0-rc7,True,fn01,/dev/ng1n1,2,0.0,0,0,0,123591,0,0,0.225185,0.900745,0,nan,nan,0,0,0,nan,2396440512
0,defer,ycsb,False,True,False,10000,1073741824,0.1,2.5,1,1,True,True,True,True,True,0,10000000,1,False,6.15.0-rc7,True,fn01,/dev/ng1n1,3,0.0,0,60741,784533456,78450,0,5,0.242074,0.968288,0,nan,0,0,0,0,inf,2396686248
0,defer,ycsb,False,True,False,10000,1073741824,0.1,2.5,1,1,True,True,True,True,True,0,10000000,1,False,6.15.0-rc7,True,fn01,/dev/ng1n1,4,0.0,0,70334,913619424,71641,0,5,0.24332,0.973289,0,nan,0,0,0,0,inf,2396666280
0,defer,ycsb,False,True,False,10000,1073741824,0.1,2.5,1,1,True,True,True,True,True,0,10000000,1,False,6.15.0-rc7,True,fn01,/dev/ng1n1,5,0.0,0,78645,1009473576,66158,0,6,0.231412,0.925652,0,nan,0,0,0,0,inf,2396684856
0,defer,ycsb,False,True,False,10000,1073741824,0.1,2.5,1,1,True,True,True,True,True,0,10000000,1,False,6.15.0-rc7,True,fn01,/dev/ng1n1,6,0.0,0,69183,896340528,71921,0,5,0.234023,0.936085,0,nan,0,0,0,0,inf,2396695992
0,defer,ycsb,False,True,False,10000,1073741824,0.1,2.5,1,1,True,True,True,True,True,0,10000000,1,False,6.15.0-rc7,True,fn01,/dev/ng1n1,7,0.0,0,61892,802653072,77272,0,5,0.248691,0.99477,0,nan,0,0,0,0,inf,2396692824
0,defer,ycsb,False,True,False,10000,1073741824,0.1,2.5,1,1,True,True,True,True,True,0,10000000,1,False,6.15.0-rc7,True,fn01,/dev/ng1n1,8,0.0,0,78645,1016634912,66040,0,6,0.23667,0.946686,0,nan,0,0,0,0,inf,2396640840
0,defer,ycsb,False,True,False,10000,1073741824,0.1,2.5,1,1,True,True,True,True,True,0,10000000,1,False,6.15.0-rc7,True,fn01,/dev/ng1n1,9,0.0,0,77858,1006408632,66408,0,5,0.22575,0.902992,0,nan,0,0,0,0,inf,2396651784
0,defer,ycsb,False,True,False,10000,1073741824,0.1,2.5,1,1,True,True,True,True,True,0,10000000,1,False,6.15.0-rc7,True,fn01,/dev/ng1n1,10,3847.7469999999994,5041,18446744073709078479,1429369080,45336,0,6087,0.225001,0.900005,0,inf,0,14079,1.32444,0,inf,2396673648
0,defer,ycsb,False,True,False,10000,1073741824,0.1,2.5,1,1,True,True,True,True,True,0,10000000,1,False,6.15.0-rc7,True,fn01,/dev/ng1n1,11,14744.493999999999,14019,14019,2314764864,0,0,20979,0.224999,0.900002,0,inf,0,9.53432,0.957517,0,inf,2396676672
0,defer,ycsb,False,True,False,10000,1073741824,0.1,2.5,1,1,True,True,True,True,True,0,10000000,1,False,6.15.0-rc7,True,fn01,/dev/ng1n1,12,18499.596999999998,13917,13917,2300182560,0,0,25114,0.225001,0.900005,0,inf,0,8.73442,0.757553,0,inf,2396694024
0,defer,ycsb,False,True,False,10000,1073741824,0.1,2.5,1,1,True,True,True,True,True,0,10000000,1,False,6.15.0-rc7,True,fn01,/dev/ng1n1,13,19604.275999999998,13913,13914,2296197840,0,0,26395,0.225,0.900002,0,inf,0,8.56575,0.71466,0,inf,2396702376
0,defer,ycsb,False,True,False,10000,1073741824,0.1,2.5,1,1,True,True,True,True,True,0,10000000,1,False,6.15.0-rc7,True,fn01,/dev/ng1n1,14,19956.726,13936,13936,2294480136,0,0,26781,0.225,0.900002,0,inf,0,8.51483,0.703199,0,inf,2396618232
0,defer,ycsb,False,True,False,10000,1073741824,0.1,2.5,1,1,True,True,True,True,True,0,10000000,1,False,6.15.0-rc7,True,fn01,/dev/ng1n1,15,19799.634,13871,13871,2295081480,0,0,26597,0.225,0.900002,0,inf,0,8.52721,0.705472,0,inf,2396647008
0,defer,ycsb,False,True,False,10000,1073741824,0.1,2.5,1,1,True,True,True,True,True,0,10000000,1,False,6.15.0-rc7,True,fn01,/dev/ng1n1,16,19885.229,13926,13924,2294761728,0,0,26710,0.225001,0.900002,0,inf,0,8.52593,0.705185,0,inf,2396664000
0,defer,ycsb,False,True,False,10000,1073741824,0.1,2.5,1,1,True,True,True,True,True,0,10000000,1,False,6.15.0-rc7,True,fn01,/dev/ng1n1,17,19736.193,13875,13876,2295354504,0,0,26537,0.225001,0.900005,0,inf,0,8.53972,0.707944,0,inf,2396675616
0,defer,ycsb,False,True,False,10000,1073741824,0.1,2.5,1,1,True,True,True,True,True,0,10000000,1,False,6.15.0-rc7,True,fn01,/dev/ng1n1,18,19690.877999999997,13865,13866,2295106848,0,0,26486,0.225,0.900005,0,inf,0,8.54557,0.709113,0,inf,2396690784
0,defer,ycsb,False,True,False,10000,1073741824,0.1,2.5,1,1,True,True,True,True,True,0,10000000,1,False,6.15.0-rc7,True,fn01,/dev/ng1n1,19,19793.591999999997,13920,13920,2295169584,0,0,26616,0.225,0.900005,0,inf,0,8.54072,0.708145,0,inf,2396692248
0,sqpoll,ycsb,False,True,False,10000,1073741824,0.1,2.5,1,1,True,True,True,True,True,0,10000000,1,False,6.15.0-rc7,True,fn01,/dev/ng1n1,1,0.0,0,0,0,112490,0,1,0.10728,0.429123,0,nan,nan,0,0,0,nan,4789308140424
0,sqpoll,ycsb,False,True,False,10000,1073741824,0.1,2.5,1,1,True,True,True,True,True,0,10000000,1,False,6.15.0-rc7,True,fn01,/dev/ng1n1,2,0.0,0,0,0,123508,0,0,0.225065,0.900265,0,nan,nan,0,0,0,nan,2396488944
0,sqpoll,ycsb,False,True,False,10000,1073741824,0.1,2.5,1,1,True,True,True,True,True,0,10000000,1,False,6.15.0-rc7,True,fn01,/dev/ng1n1,3,0.0,0,39709,1210289424,52361,0,3,0.237131,0.948521,0,nan,0,0,0,0,inf,2396697120
0,sqpoll,ycsb,False,True,False,10000,1073741824,0.1,2.5,1,1,True,True,True,True,True,0,10000000,1,False,6.15.0-rc7,True,fn01,/dev/ng1n1,4,0.0,0,38936,1201714800,47981,0,3,0.245757,0.983032,0,nan,0,0,0,0,inf,2396660328
0,sqpoll,ycsb,False,True,False,10000,1073741824,0.1,2.5,1,1,True,True,True,True,True,0,10000000,1,False,6.15.0-rc7,True,fn01,/dev/ng1n1,5,0.0,0,52430,1573286328,31837,0,4,0.226118,0.904476,0,nan,0,0,0,0,inf,2396661552
0,sqpoll,ycsb,False,True,False,10000,1073741824,0.1,2.5,1,1,True,True,True,True,True,0,10000000,1,False,6.15.0-rc7,True,fn01,/dev/ng1n1,6,0.0,0,40820,1173309960,51257,0,3,0.236072,0.944283,0,nan,0,0,0,0,inf,2396655360
0,sqpoll,ycsb,False,True,False,10000,1073741824,0.1,2.5,1,1,True,True,True,True,True,0,10000000,1,False,6.15.0-rc7,True,fn01,/dev/ng1n1,7,0.0,0,37825,1168169376,49956,0,3,0.247641,0.990566,0,nan,0,0,0,0,inf,2396661288
0,sqpoll,ycsb,False,True,False,10000,1073741824,0.1,2.5,1,1,True,True,True,True,True,0,10000000,1,False,6.15.0-rc7,True,fn01,/dev/ng1n1,8,0.0,0,52430,1543027008,31208,0,4,0.227402,0.909607,0,nan,0,0,0,0,inf,2396662152
0,sqpoll,ycsb,False,True,False,10000,1073741824,0.1,2.5,1,1,True,True,True,True,True,0,10000000,1,False,6.15.0-rc7,True,fn01,/dev/ng1n1,9,0.0,0,44772,1233646296,49911,0,3,0.232303,0.929207,0,nan,0,0,0,0,inf,2396651784
0,sqpoll,ycsb,False,True,False,10000,1073741824,0.1,2.5,1,1,True,True,True,True,True,0,10000000,1,False,6.15.0-rc7,True,fn01,/dev/ng1n1,10,0.0,0,40489,1122061272,52430,0,4,0.24369,0.974758,0,nan,0,0,0,0,inf,2396652696
0,sqpoll,ycsb,False,True,False,10000,1073741824,0.1,2.5,1,1,True,True,True,True,True,0,10000000,1,False,6.15.0-rc7,True,fn01,/dev/ng1n1,11,0.0,0,45814,1404004920,37837,0,3,0.236083,0.944336,0,nan,0,0,0,0,inf,2396664624
0,sqpoll,ycsb,False,True,False,10000,1073741824,0.1,2.5,1,1,True,True,True,True,True,0,10000000,1,False,6.15.0-rc7,True,fn01,/dev/ng1n1,12,0.0,0,46118,1428902592,40808,0,3,0.231018,0.924072,0,nan,0,0,0,0,inf,2396660400
0,sqpoll,ycsb,False,True,False,10000,1073741824,0.1,2.5,1,1,True,True,True,True,True,0,10000000,1,False,6.15.0-rc7,True,fn01,/dev/ng1n1,13,0.0,0,39008,1121649264,52430,0,4,0.243819,0.975273,0,nan,0,0,0,0,inf,2396660112
0,sqpoll,ycsb,False,True,False,10000,1073741824,0.1,2.5,1,1,True,True,True,True,True,0,10000000,1,False,6.15.0-rc7,True,fn01,/dev/ng1n1,14,0.0,0,45949,1438257912,36063,0,3,0.234391,0.937569,0,nan,0,0,0,0,inf,2396683176
0,sqpoll,ycsb,False,True,False,10000,1073741824,0.1,2.5,1,1,True,True,True,True,True,0,10000000,1,False,6.15.0-rc7,True,fn01,/dev/ng1n1,15,6566.646999999999,8053,18446744073709054490,2111168784,9273,0,10108,0.225,0.900002,0,inf,0,8256,1.23815,0,inf,2396635632
0,sqpoll,ycsb,False,True,False,10000,1073741824,0.1,2.5,1,1,True,True,True,True,True,0,10000000,1,False,6.15.0-rc7,True,fn01,/dev/ng1n1,16,12184.699999999999,11144,11143,2267388288,0,0,17177,0.225001,0.900005,0,inf,0,9.38884,0.920992,0,inf,2396662632
0,sqpoll,ycsb,False,True,False,10000,1073741824,0.1,2.5,1,1,True,True,True,True,True,0,10000000,1,False,6.15.0-rc7,True,fn01,/dev/ng1n1,17,14561.22,11086,11086,2251739640,0,0,19809,0.225001,0.900005,0,inf,0,8.77208,0.766614,0,inf,2396662968
0,sqpoll,ycsb,False,True,False,10000,1073741824,0.1,2.5,1,1,True,True,True,True,True,0,10000000,1,False,6.15.0-rc7,True,fn01,/dev/ng1n1,18,15554.121999999998,11044,11045,2244895104,0,0,20927,0.225,0.900002,0,inf,0,8.56248,0.715072,0,inf,2396651928
0,sqpoll,ycsb,False,True,False,10000,1073741824,0.1,2.5,1,1,True,True,True,True,True,0,10000000,1,False,6.15.0-rc7,True,fn01,/dev/ng1n1,19,15668.919999999998,11048,11048,2244791856,0,0,21077,0.225,0.900002,0,inf,0,8.54779,0.710007,0,inf,2396657736
0,sqpoll,ycsb,False,True,False,10000,1073741824,0.1,2.5,1,1,True,True,True,True,True,0,10000000,1,False,6.15.0-rc7,True,fn01,/dev/ng1n1,20,15812.920999999998,11037,11036,2243074248,0,0,21217,0.225001,0.900005,0,inf,0,8.51347,0.702859,0,inf,2396660160
0,sqpoll,ycsb,False,True,False,10000,1073741824,0.1,2.5,1,1,True,True,True,True,True,0,10000000,1,False,6.15.0-rc7,True,fn01,/dev/ng1n1,21,15725.311999999998,11017,11018,2243935536,0,0,21126,0.224999,0.900002,0,inf,0,8.52712,0.705449,0,inf,2396696328
0,sqpoll,ycsb,False,True,False,10000,1073741824,0.1,2.5,1,1,True,True,True,True,True,0,10000000,1,False,6.15.0-rc7,True,fn01,/dev/ng1n1,22,15764.585,11035,11034,2243388384,0,0,21171,0.225001,0.900005,0,inf,0,8.52466,0.704932,0,inf,2396651928
0,sqpoll,ycsb,False,True,False,10000,1073741824,0.1,2.5,1,1,True,True,True,True,True,0,10000000,1,False,6.15.0-rc7,True,fn01,/dev/ng1n1,23,15683.017999999998,11041,11042,2243933328,0,0,21095,0.225,0.900002,0,inf,0,8.54469,0.708938,0,inf,2396662032
0,sqpoll,ycsb,False,True,False,10000,1073741824,0.1,2.5,1,1,True,True,True,True,True,0,10000000,1,False,6.15.0-rc7,True,fn01,/dev/ng1n1,24,15781.703999999998,11017,11016,2243593416,0,0,21180,0.225001,0.900005,0,inf,0,8.51464,0.702929,0,inf,2396660952
0,defer,ycsb,False,True,False,10000,1073741824,0.1,2.5,1,1,False,False,False,False,False,0,10000000,1,True,6.15.0-rc7,True,fn01,/dev/nvme1n1,1,0,0,0,0,112697,0,1,0.107476,0.429913,0,-nan,-nan,0,0,0,-nan,5862282287952
0,defer,ycsb,False,True,False,10000,1073741824,0.1,2.5,1,1,False,False,False,False,False,0,10000000,1,True,6.15.0-rc7,True,fn01,/dev/nvme1n1,2,0,0,0,0,123414,0,0,0.225174,0.9007,0,-nan,-nan,0,0,0,-nan,2396565384
0,defer,ycsb,False,True,False,10000,1073741824,0.1,2.5,1,1,False,False,False,False,False,0,10000000,1,True,6.15.0-rc7,True,fn01,/dev/nvme1n1,3,0,0,44705,1309493376,52248,0,3,0.232366,0.929462,0,-nan,0,0,0,0,inf,2396593008
0,defer,ycsb,False,True,False,10000,1073741824,0.1,2.5,1,1,False,False,False,False,False,0,10000000,1,True,6.15.0-rc7,True,fn01,/dev/nvme1n1,4,0,0,44545,1307674440,52430,0,4,0.239886,0.959541,0,-nan,0,0,0,0,inf,2396641440
0,defer,ycsb,False,True,False,10000,1073741824,0.1,2.5,1,1,False,False,False,False,False,0,10000000,1,True,6.15.0-rc7,True,fn01,/dev/nvme1n1,5,0,0,44484,1306757544,52430,0,4,0.247463,0.989853,0,-nan,0,0,0,0,inf,2396643384
0,defer,ycsb,False,True,False,10000,1073741824,0.1,2.5,1,1,False,False,False,False,False,0,10000000,1,True,6.15.0-rc7,True,fn01,/dev/nvme1n1,6,0,0,49771,1459859952,44266,0,3,0.242214,0.968861,0,-nan,0,0,0,0,inf,2396692776
0,defer,ycsb,False,True,False,10000,1073741824,0.1,2.5,1,1,False,False,False,False,False,0,10000000,1,True,6.15.0-rc7,True,fn01,/dev/nvme1n1,7,0,0,52430,1546299384,39887,0,4,0.230252,0.921013,0,-nan,0,0,0,0,inf,2396663064
0,defer,ycsb,False,True,False,10000,1073741824,0.1,2.5,1,1,False,False,False,False,False,0,10000000,1,True,6.15.0-rc7,True,fn01,/dev/nvme1n1,8,0,0,47848,1405035816,46922,0,3,0.229369,0.917473,0,-nan,0,0,0,0,inf,2396663880
0,defer,ycsb,False,True,False,10000,1073741824,0.1,2.5,1,1,False,False,False,False,False,0,10000000,1,True,6.15.0-rc7,True,fn01,/dev/nvme1n1,9,0,0,44333,1302931080,52430,0,4,0.237091,0.94836,0,-nan,0,0,0,0,inf,2396676624
0,defer,ycsb,False,True,False,10000,1073741824,0.1,2.5,1,1,False,False,False,False,False,0,10000000,1,True,6.15.0-rc7,True,fn01,/dev/nvme1n1,10,0,0,44458,1306420944,52430,0,4,0.244694,0.978771,0,-nan,0,0,0,0,inf,2396686608
0,defer,ycsb,False,True,False,10000,1073741824,0.1,2.5,1,1,False,False,False,False,False,0,10000000,1,True,6.15.0-rc7,True,fn01,/dev/nvme1n1,11,0,0,46866,1377126144,48684,0,3,0.246428,0.985718,0,-nan,0,0,0,0,inf,2396661744
0,defer,ycsb,False,True,False,10000,1073741824,0.1,2.5,1,1,False,False,False,False,False,0,10000000,1,True,6.15.0-rc7,True,fn01,/dev/nvme1n1,12,0,0,52430,1542459888,40219,0,4,0.234783,0.939137,0,-nan,0,0,0,0,inf,2396663976
0,defer,ycsb,False,True,False,10000,1073741824,0.1,2.5,1,1,False,False,False,False,False,0,10000000,1,True,6.15.0-rc7,True,fn01,/dev/nvme1n1,13,0,0,51002,1500672288,42172,0,3,0.226361,0.905441,0,-nan,0,0,0,0,inf,2396663760
0,defer,ycsb,False,True,False,10000,1073741824,0.1,2.5,1,1,False,False,False,False,False,0,10000000,1,True,6.15.0-rc7,True,fn01,/dev/nvme1n1,14,5345,6817,18446744073709054681,1956976680,19121,0,8394,0.225,0.900002,0,inf,0,10068.4,1.27909,0,inf,2396708304
0,defer,ycsb,False,True,False,10000,1073741824,0.1,2.5,1,1,False,False,False,False,False,0,10000000,1,True,6.15.0-rc7,True,fn01,/dev/nvme1n1,15,12413,11669,11669,2320305216,0,0,17695,0.225,0.900002,0,inf,0,9.46238,0.939987,0,inf,2396644992
0,defer,ycsb,False,True,False,10000,1073741824,0.1,2.5,1,1,False,False,False,False,False,0,10000000,1,True,6.15.0-rc7,True,fn01,/dev/nvme1n1,16,15090,11620,11621,2310278376,0,0,20687,0.225,0.900002,0,inf,0,8.78578,0.770011,0,inf,2396672784
0,defer,ycsb,False,True,False,10000,1073741824,0.1,2.5,1,1,False,False,False,False,False,0,10000000,1,True,6.15.0-rc7,True,fn01,/dev/nvme1n1,17,16154,11568,11567,2306120688,0,0,21894,0.225001,0.900005,0,inf,0,8.56801,0.716179,0,inf,2396665296
0,defer,ycsb,False,True,False,10000,1073741824,0.1,2.5,1,1,False,False,False,False,False,0,10000000,1,True,6.15.0-rc7,True,fn01,/dev/nvme1n1,18,16401,11630,11630,2305648896,0,0,22209,0.225001,0.900005,0,inf,0,8.54354,0.709146,0,inf,2396752080
0,defer,ycsb,False,True,False,10000,1073741824,0.1,2.5,1,1,False,False,False,False,False,0,10000000,1,True,6.15.0-rc7,True,fn01,/dev/nvme1n1,19,16588,11675,11674,2304639960,0,0,22421,0.225001,0.900002,0,inf,0,8.51809,0.703762,0,inf,2396665680
0,defer,ycsb,False,True,False,10000,1073741824,0.1,2.5,1,1,False,False,False,False,False,0,10000000,1,True,6.15.0-rc7,True,fn01,/dev/nvme1n1,20,16590,11659,11660,2304102792,0,0,22420,0.225001,0.900005,0,inf,0,8.51389,0.702791,0,inf,2396843784
0,defer,ycsb,False,True,False,10000,1073741824,0.1,2.5,1,1,False,False,False,False,False,0,10000000,1,True,6.15.0-rc7,True,fn01,/dev/nvme1n1,21,16376,11597,11596,2305447824,0,0,22174,0.225,0.900002,0,inf,0,8.54107,0.708214,0,inf,2396592768
0,defer,ycsb,False,True,False,10000,1073741824,0.1,2.5,1,1,False,False,False,False,False,0,10000000,1,True,6.15.0-rc7,True,fn01,/dev/nvme1n1,22,16310,11578,11580,2305532640,0,0,22100,0.225,0.900002,0,inf,0,8.54936,0.709871,0,inf,2396693784
0,defer,ycsb,False,True,False,10000,1073741824,0.1,2.5,1,1,False,False,False,False,False,0,10000000,1,True,6.15.0-rc7,True,fn01,/dev/nvme1n1,23,16465,11610,11610,2304852600,0,0,22270,0.225,0.900002,0,inf,0,8.52566,0.705132,0,inf,2396663664
